-- Seed the sandbox + malgovia campaigns as pure DB campaigns.
--
-- Until now these two ran as CODE contexts (campaignData/sandbox.ts,
-- campaignData/malgovia/) that the engine resolved directly. The campaign
-- platform resolves every campaign as DB rows overlaid on the SRD base
-- template, so this migration plants sandbox + malgovia as ordinary rows —
-- the last step before the per-campaign code is deleted (one loading path).
--
-- The payloads were produced by scripts/serializeCampaign.ts, which writes a
-- code Context through the content API's put* functions and proves the result
-- resolves over the base template byte-identical to the code context. To
-- regenerate after a content change:
--
--   docker compose exec backend npx tsx scripts/serializeCampaign.ts sandbox malgovia
--   bash scripts/gen-seed-032.sh   (the generator that emitted the block below)
--
-- Idempotency (this file is double-applied on fresh environments — CI initdb
-- then the migration runner): the campaigns rows UPSERT (refreshing only
-- `data`, so a later rename/visibility change survives re-apply), and all
-- relational + custom content is DELETE-then-INSERT scoped to the two ids
-- (replace-all, children before parents per the FK order). sandbox is seeded
-- private (it launches via /?campaign=sandbox, matching the old hidden flag);
-- malgovia is global.

-- campaigns (upsert: keep name/visibility/name_overridden on re-apply; only data refreshes)
INSERT INTO campaigns (id, name, visibility, data, name_overridden) VALUES ('malgovia', 'Malgovia', 'global', E'{"rules": [{"name": "guild_ledger_found", "once": true, "priority": 5, "conditions": {"all": [{"fact": "loot_taken", "value": "guild_ledger", "operator": "contains"}, {"fact": "flags", "value": "rule_fired_guild_ledger_found", "operator": "doesNotContain"}]}, "consequences": [{"type": "advance_quest", "stepId": "step_find_ledger", "questId": "quest_shipment"}, {"text": "You recognise the Guild''s stamp on the waterlogged ledger — this is what Aldric was looking for.", "type": "add_narrative"}]}, {"name": "halden_locket_found", "once": true, "priority": 5, "conditions": {"all": [{"fact": "loot_taken", "value": "halden_locket", "operator": "contains"}, {"fact": "flags", "value": "rule_fired_halden_locket_found", "operator": "doesNotContain"}]}, "consequences": [{"type": "advance_quest", "stepId": "step_find_locket", "questId": "quest_trapper"}, {"text": "You recognise the engraving — Halden''s daughter''s name. The cult had him here.", "type": "add_narrative"}]}, {"name": "cult_idol_recovered", "once": true, "priority": 5, "conditions": {"all": [{"fact": "loot_taken", "value": "cult_idol", "operator": "contains"}, {"fact": "flags", "value": "rule_fired_cult_idol_recovered", "operator": "doesNotContain"}]}, "consequences": [{"type": "advance_quest", "stepId": "step_recover_idol", "questId": "quest_cult"}, {"text": "The idol grows cold in your hand. Captain Riese will want to see this immediately.", "type": "add_narrative"}]}, {"name": "step_talk_elise", "once": true, "conditions": {"all": [{"any": [{"fact": "action", "value": "talk_response", "operator": "equal"}, {"fact": "action", "value": "accept_quest", "operator": "equal"}]}, {"fact": "room_id", "value": "pinegate_square", "operator": "equal"}, {"fact": "npc_id", "value": "npc_elise_elder", "operator": "equal"}]}, "consequences": []}], "quests": [{"id": "quest_arrival", "desc": "Months on the road have left the party restless, and the pine-dark hills of Malgovia finally rise ahead. Word on the road said the village of Pinegate, at the vale''s southern edge, needs capable hands — and where there''s trouble, there''s coin. Make your way to Pinegate.", "steps": [{"id": "step_reach_pinegate", "desc": "Travel to the village of Pinegate.", "condition": {"all": [{"fact": "current_town_id", "value": "pinegate_town", "operator": "equal"}]}}], "title": "The Road to Pinegate", "rewards": [{"type": "give_xp", "amount": 50}, {"text": "Pinegate''s lanterns flicker a wary welcome. By the well, an old woman watches you approach — she has the look of someone with a problem worth coin.", "type": "add_narrative"}], "startActive": true}, {"id": "quest_shipment", "desc": "The Merchant Guild''s supply wagons vanished on the Old Road. Find the Guild Ledger in the crypt and return it to Aldric.", "steps": [{"id": "step_talk_aldric", "desc": "Speak with Aldric the Merchant to learn about the missing shipment.", "condition": {"all": [{"fact": "room_id", "value": "millhaven_market", "operator": "equal"}, {"any": [{"fact": "action", "value": "talk_response", "operator": "equal"}, {"fact": "action", "value": "accept_quest", "operator": "equal"}]}]}}, {"id": "step_find_ledger", "desc": "Find the Guild Ledger in the Shattered Crypt.", "condition": {"all": [{"fact": "loot_taken", "value": "guild_ledger", "operator": "contains"}]}}, {"id": "step_return_ledger", "desc": "Return the ledger to Aldric in the Merchant District.", "condition": {"all": [{"fact": "loot_taken", "value": "guild_ledger", "operator": "contains"}, {"fact": "room_id", "value": "millhaven_market", "operator": "equal"}]}}], "title": "The Missing Shipment", "repGain": 20, "rewards": [{"text": "Aldric leafs through the waterlogged pages. \\"This is it — proof the wagons were never delivered.\\" He presses a purse into your hand and marks the Guild''s books with your name.", "type": "add_narrative"}, {"type": "consume_item", "itemId": "guild_ledger"}, {"type": "give_gold", "amount": 150}, {"type": "give_xp", "amount": 300}], "factionId": "faction_guild", "giverNpcId": "npc_aldric"}, {"id": "quest_crypt", "desc": "Sister Maren of the Temple of Selûne needs the Crypt Lord destroyed and the Moonstone Amulet recovered.", "steps": [{"id": "step_learn_crypt", "desc": "Learn about the threat in the Shattered Crypt from Sister Maren.", "condition": {"all": [{"fact": "room_id", "value": "millhaven_temple", "operator": "equal"}, {"any": [{"fact": "action", "value": "talk_response", "operator": "equal"}, {"fact": "action", "value": "accept_quest", "operator": "equal"}]}]}}, {"id": "step_kill_lord", "desc": "Defeat the Crypt Lord in the Throne of the Dead.", "condition": {"all": [{"fact": "enemies_killed", "value": "dungeon_crypt_throne#0", "operator": "contains"}]}}, {"id": "step_recover_amulet", "desc": "Recover the Moonstone Amulet from the crypt.", "condition": {"all": [{"fact": "loot_taken", "value": "moonstone_amulet", "operator": "contains"}]}}], "title": "Beneath the Surface", "rewards": [{"type": "give_gold", "amount": 200}, {"type": "give_xp", "amount": 1500}, {"type": "modify_hp", "amount": 20}, {"text": "Sister Maren places her hands on your shoulders and speaks a blessing of Selûne. You feel wounds close and strength return.", "type": "add_narrative"}], "giverNpcId": "npc_sister_maren"}, {"id": "quest_shadow", "desc": "Dusk in the Lantern District has evidence that Captain Vane is corrupt. Find the incriminating letter in the garrison strongbox.", "steps": [{"id": "step_meet_dusk", "desc": "Meet Dusk in the Lantern District.", "condition": {"all": [{"fact": "room_id", "value": "millhaven_lantern", "operator": "equal"}, {"any": [{"fact": "action", "value": "talk_response", "operator": "equal"}, {"fact": "action", "value": "accept_quest", "operator": "equal"}]}]}}, {"id": "step_find_letter", "desc": "Retrieve the incriminating letter from the garrison.", "condition": {"all": [{"fact": "loot_taken", "value": "shadow_evidence", "operator": "contains"}]}}, {"id": "step_deliver_letter", "desc": "Deliver the letter to Dusk.", "condition": {"all": [{"fact": "loot_taken", "value": "shadow_evidence", "operator": "contains"}, {"fact": "room_id", "value": "millhaven_lantern", "operator": "equal"}]}}], "title": "Shadow Dealings", "repGain": -10, "rewards": [{"type": "give_gold", "amount": 75}, {"type": "give_xp", "amount": 200}, {"text": "Dusk takes the letter with a tight smile. \\"Captain Vane''s days are numbered. You''ve made some useful friends today.\\"", "type": "add_narrative"}], "factionId": "faction_watch", "giverNpcId": "npc_dusk"}, {"id": "quest_trapper", "desc": "Old Halden the trapper has been missing three days. Innkeeper Brann wants him back — or proof of his fate. His silver locket should be enough.", "steps": [{"id": "step_talk_brann", "desc": "Speak with Innkeeper Brann about the missing trapper.", "condition": {"all": [{"fact": "room_id", "value": "pines_tavern", "operator": "equal"}, {"any": [{"fact": "action", "value": "talk_response", "operator": "equal"}, {"fact": "action", "value": "accept_quest", "operator": "equal"}]}]}}, {"id": "step_find_locket", "desc": "Find Halden''s locket in the Iceshard Spire.", "condition": {"all": [{"fact": "loot_taken", "value": "halden_locket", "operator": "contains"}]}}, {"id": "step_return_locket", "desc": "Return the locket to Innkeeper Brann at the Pine Tavern.", "condition": {"all": [{"fact": "loot_taken", "value": "halden_locket", "operator": "contains"}, {"fact": "room_id", "value": "pines_tavern", "operator": "equal"}]}}], "title": "The Missing Trapper", "repGain": 10, "rewards": [{"type": "give_gold", "amount": 80}, {"type": "give_xp", "amount": 250}, {"text": "Brann presses a purse of 80 gold into your hand and bows his head. \\"His daughter will rest easier knowing.\\"", "type": "add_narrative"}], "factionId": "faction_wardens", "giverNpcId": "npc_brann"}, {"id": "quest_cult", "desc": "Captain Riese has charged you with breaking the Frostspire Cult: kill the Frost Acolyte and bring back their idol.", "steps": [{"id": "step_meet_riese", "desc": "Speak with Captain Riese at the Warden Post.", "condition": {"all": [{"fact": "room_id", "value": "pines_warden", "operator": "equal"}, {"any": [{"fact": "action", "value": "talk_response", "operator": "equal"}, {"fact": "action", "value": "accept_quest", "operator": "equal"}]}]}}, {"id": "step_kill_acolyte", "desc": "Defeat the Frost Acolyte at the Ritual Apex.", "condition": {"all": [{"fact": "enemies_killed", "value": "spire_ritual_apex#boss", "operator": "contains"}]}}, {"id": "step_recover_idol", "desc": "Recover the Frostspire Idol.", "condition": {"all": [{"fact": "loot_taken", "value": "cult_idol", "operator": "contains"}]}}], "title": "Silence the Spire", "repGain": 30, "rewards": [{"type": "give_gold", "amount": 250}, {"type": "give_xp", "amount": 1500}, {"type": "modify_hp", "amount": 15}, {"text": "Captain Riese turns the idol in her hands, then drops it into the brazier. \\"For a generation, then. Drink with us tonight.\\"", "type": "add_narrative"}], "factionId": "faction_wardens", "giverNpcId": "npc_riese"}, {"id": "quest_silent_grove", "desc": "Old Elise needs someone to walk Mareth''s path: reach the Ancient Oak, defeat the Fey Trickster that silenced her, and recover the Oak''s heart.", "steps": [{"id": "step_talk_elise", "desc": "Speak with Old Elise in Pinegate Square.", "condition": {"all": [{"fact": "flags", "path": "$.rule_fired_step_talk_elise", "value": true, "operator": "equal"}]}}, {"id": "step_take_charm", "desc": "Take Mareth''s Charm from the Burnt Stump lodge.", "condition": {"all": [{"fact": "loot_taken", "value": "circle_charm", "operator": "contains"}]}}, {"id": "step_reach_oak", "desc": "Reach the Ancient Oak at the grove''s heart.", "condition": {"all": [{"fact": "visited_rooms", "value": "ancient_oak", "operator": "contains"}]}}, {"id": "step_defeat_trickster", "desc": "Defeat the Fey Trickster at the heart of the grove.", "condition": {"all": [{"fact": "enemies_killed", "value": "ancient_oak#0", "operator": "contains"}]}}, {"id": "step_take_heart", "desc": "Recover the Heart of the Ancient Oak from the grove sanctum.", "condition": {"all": [{"fact": "loot_taken", "value": "oak_heart", "operator": "contains"}]}}], "title": "The Silent Grove", "repGain": 45, "rewards": [{"type": "give_gold", "amount": 400}, {"type": "give_xp", "amount": 1850}, {"text": "Old Elise presses your hand in both of hers. ''The Verdant Circle remembers you.'' The grove sighs — a long, green release; Pinegate will sleep easy tonight.", "type": "add_narrative"}], "factionId": "faction_verdant", "giverNpcId": "npc_elise_elder"}], "factions": [{"id": "faction_guild", "name": "Merchant Guild", "thresholds": {"exalted": 60, "hostile": -50, "neutral": 0, "friendly": 20, "unfriendly": -10}, "shopPriceModifiers": {"exalted": 0.75, "hostile": 1.5, "neutral": 1, "friendly": 0.9, "unfriendly": 1.2}}, {"id": "faction_watch", "name": "City Watch", "thresholds": {"exalted": 60, "hostile": -50, "neutral": 0, "friendly": 20, "unfriendly": -10}, "shopPriceModifiers": {"exalted": 1, "hostile": 1, "neutral": 1, "friendly": 1, "unfriendly": 1}}, {"id": "faction_wardens", "name": "Pine Wardens", "thresholds": {"exalted": 60, "hostile": -50, "neutral": 0, "friendly": 20, "unfriendly": -10}, "shopPriceModifiers": {"exalted": 0.7, "hostile": 1.5, "neutral": 1, "friendly": 0.85, "unfriendly": 1.2}}, {"id": "faction_verdant", "name": "Verdant Circle", "thresholds": {"exalted": 60, "hostile": -50, "neutral": 0, "friendly": 20, "unfriendly": -10}, "shopPriceModifiers": {"exalted": 0.7, "hostile": 1.5, "neutral": 1, "friendly": 0.85, "unfriendly": 1.2}}], "gameStart": "You''ve been on the road for months, and the party grows restless as the pine-dark hills of Malgovia finally rise ahead. Somewhere back along the way you caught word: the village of Pinegate needs help, and is willing to pay. Itching for action and coin, you turn off the road toward town — and the deeper troubles of the vale that wait beyond it: a market town and its restless crypt to the east, and, far to the north, the cult festering in Iceshard Spire. Start small. The vale grows colder, and crueler, the farther you walk.", "worldName": "Malgovia", "narratives": {"noLoot": ["There is nothing of value here.", "The area has already been stripped clean."], "levelUp": ["Your trials have made you stronger — you have reached level {level}!", "Experience crystallizes into power — you advance to level {level}!"], "noEnemy": ["There is no enemy here to fight.", "The area is clear."], "killShot": ["{The_enemy} collapses, broken and still.", "{The_enemy} falls — the threat is ended.", "With a final blow, {the_enemy} is destroyed."], "longRest": ["The party makes camp and rests through the night."], "combatHit": {"hurt": ["Despite your wounds, you land a telling blow on {the_enemy}.", "Gritting through the pain, your attack finds {the_enemy}.", "Desperate and determined, your strike connects with {the_enemy}."], "healthy": ["With fluid confidence, {The_enemy} reels from the blow.", "Your attack connects cleanly — {the_enemy} staggers.", "A solid strike lands on {the_enemy}."], "critical": ["Barely standing, you somehow find the strength to strike {the_enemy}.", "On sheer will alone, your blow hammers {the_enemy}."]}, "shortRest": ["You tend your wounds and catch your breath."], "classStyle": {"Bard": ["with unexpected flair", "using the enemy''s own momentum"], "Rogue": ["from the shadows", "finding the weak point", "with practiced ease"], "Cleric": ["invoking divine strength", "guided by faith"], "Ranger": ["with ranger''s instinct", "reading the enemy''s stance"], "Wizard": ["channeling arcane energy through the strike", "with focused concentration"], "Fighter": ["with disciplined precision", "using superior technique", "exploiting a gap in their guard"], "Paladin": ["with holy conviction", "driven by sacred oath"]}, "combatMiss": {"hurt": ["Pain throws off your aim — {the_enemy} avoids it.", "Your wounded arm betrays you; {the_enemy} steps aside."], "healthy": ["Your strike glances off {the_enemy}''s guard.", "{The_enemy} sidesteps neatly.", "Your blow goes wide."], "critical": ["You can barely lift your weapon — the attack fails entirely.", "{The_enemy} brushes aside your feeble attempt."]}, "deathLines": ["{name} falls, life fading...", "{name} collapses — not long now..."], "alreadyDead": ["That foe is already defeated."], "combatStart": ["{The_enemy} bars your path — initiative is drawn!", "Combat begins! {The_enemy} readies for battle."], "roomArrival": {"pinegate_lodge": ["The lodge is warm with woodsmoke; a fire crackles in the hearth, and Mareth’s carved charm hangs on the far wall.", "Conversation lulls as you duck into the common-hall. The fire pops, and the timber walls smell of pine and old ale.", "Lamplight and hearth-glow fill the Burnt Stump; benches scrape as folk make room at the long tables."], "millhaven_square": ["The Old Road brings you to the edge of Malgovia. Millhaven''s lantern-lit walls stand to the east; the wooded hills past it hide the bandit camp and the Shattered Crypt. Your map of the vale lies open before you."], "dungeon_crypt_exit": ["A shaft of pale light falls from above — the entrance to the crypt, and freedom beyond."], "dungeon_crypt_entrance": ["Mossy steps lead down into the Shattered Crypt. Cold air breathes from the darkness below.", "The iron doors of the crypt hang ajar, groaning softly. Torchlight flickers from within."]}, "weaponVerbs": {"mace": ["smashes", "bludgeons", "cracks"], "rapier": ["pierces", "lunges", "skewers"], "longbow": ["pins", "skewers", "pierces"], "unarmed": ["punches", "strikes", "slams"], "longsword": ["cleaves", "slashes", "cuts"], "shortsword": ["thrusts", "stabs", "jabs"], "quarterstaff": ["strikes", "sweeps", "clubs"]}, "enemyAttacks": ["{The_enemy} attacks!", "{The_enemy} strikes at you!", "{The_enemy} presses the assault!"], "lootPickedUp": ["You pocket the {item}.", "The {item} joins your inventory.", "You take the {item}."], "sneakSuccess": ["You slip into the shadows undetected.", "Moving like a ghost, you disappear from sight."], "alreadyLooted": ["You have already taken what was here."], "enemyDeflected": ["{The_enemy}''s blow glances off your armor.", "{The_enemy} attacks but finds no opening.", "You turn aside {the_enemy}''s strike."], "enemyReactions": {"Shadow": ["It writhes and contracts.", "The darkness disperses briefly.", "A hollow wail echoes."], "Crypt Lord": ["THAT is merely an annoyance to me.", "The lich king laughs — a sound like cracking ice.", "Ancient power radiates from its wounds."], "Crypt Ghoul": ["It shrieks with unnatural fury.", "The wound steams with cold ichor.", "It snaps its jaws in pain."], "Bandit Ruffian": ["It curses under its breath.", "Blood soaks its tunic.", "It stumbles back a step."], "Skeleton Warrior": ["Its bones rattle with the impact.", "Ancient dust shakes from its frame.", "It staggers but keeps fighting."]}, "genericArrival": ["The shadows shift as you enter.", "Dust motes drift in the pale torchlight.", "Something skitters in the darkness.", "An eerie silence greets you."], "deathSaveStatus": {"1": ["You cling to life by a thread.", "Darkness crowds the edges of your vision."], "2": ["Death whispers your name.", "The world grows very cold."], "3": ["You are beyond help now."]}}, "backgrounds": [{"id": "soldier", "desc": "You served in a regional militia or under a noble banner.", "name": "Soldier", "feature": "Military Rank", "language": "Common", "originFeat": "savage_attacker", "featureDesc": "Local watchmen and veterans recognise your authority.", "toolProficiency": "Gaming set", "skillProficiencies": ["athletics", "intimidation"], "abilityScoreIncreases": ["str", "dex", "con"]}, {"id": "criminal", "desc": "You have a history of breaking the law.", "name": "Criminal", "feature": "Criminal Contact", "language": "Thieves'' Cant", "originFeat": "alert", "featureDesc": "A reliable contact in the Lantern District handles fences and rumour.", "toolProficiency": "Thieves'' Tools", "skillProficiencies": ["stealth", "deception"], "abilityScoreIncreases": ["dex", "con", "int"]}, {"id": "sage", "desc": "You spent years studying lore and arcane history.", "name": "Sage", "feature": "Researcher", "language": "Common", "originFeat": "magic_initiate_arcane", "featureDesc": "If you do not know information, you know where to find it.", "toolProficiency": "Calligrapher''s Tools", "skillProficiencies": ["arcana", "history"], "abilityScoreIncreases": ["con", "int", "wis"]}, {"id": "acolyte", "desc": "You served at the Temple of Selûne before taking up the road.", "name": "Acolyte", "feature": "Shelter of the Faithful", "language": "Celestial", "originFeat": "magic_initiate_divine", "featureDesc": "You and your companions receive healing and care at temples.", "toolProficiency": "Calligrapher''s Tools", "skillProficiencies": ["religion", "insight"], "abilityScoreIncreases": ["int", "wis", "cha"]}], "classSpells": {"Bard": ["bardic_inspiration_spell", "cure_wounds", "healing_word", "charm_person", "sleep"], "Druid": ["shillelagh", "entangle", "cure_wounds", "healing_word"], "Cleric": ["sacred_flame", "cure_wounds", "guiding_bolt", "hold_person", "bless", "spiritual_weapon", "healing_word", "animate_dead"], "Wizard": ["fire_bolt", "magic_missile", "hold_person", "thunderwave", "misty_step", "fireball", "animate_dead"], "Paladin": ["divine_smite_spell", "cure_wounds", "bless"], "Warlock": ["eldritch_blast", "hex", "charm_person"], "Sorcerer": ["fire_bolt", "sleep", "burning_hands", "misty_step", "fireball"]}, "recommendedParty": {"size": 4, "composition": ["Fighter", "Cleric", "Rogue", "Wizard"]}, "classStartingLoot": {"Bard": ["rapier", "leather_armor"], "Monk": ["shortsword", "dart"], "Druid": ["quarterstaff", "leather_armor", "healing_potion"], "Rogue": ["shortsword", "leather_armor"], "Cleric": ["mace", "scale_mail", "shield", "holy_symbol"], "Ranger": ["shortsword", "longbow", "leather_armor"], "Wizard": ["quarterstaff", "component_pouch"], "Fighter": ["longsword", "chain_mail", "shield"], "Paladin": ["longsword", "chain_mail", "shield"], "Warlock": ["dagger", "leather_armor", "healing_potion"], "Sorcerer": ["dagger", "component_pouch", "healing_potion"], "Barbarian": ["greataxe", "handaxe", "healing_potion"]}, "classStartingEquipment": {"Bard": [{"id": "A", "gold": 19, "items": ["leather_armor", "dagger", "dagger"], "label": "Leather & daggers"}, {"id": "B", "gold": 90, "items": [], "label": "Gold only"}], "Monk": [{"id": "A", "gold": 11, "items": ["quarterstaff", "dagger", "dagger"], "label": "Staff & daggers"}, {"id": "B", "gold": 50, "items": [], "label": "Gold only"}], "Druid": [{"id": "A", "gold": 9, "items": ["leather_armor", "shield", "quarterstaff", "dagger"], "label": "Leather, shield & staff"}, {"id": "B", "gold": 50, "items": [], "label": "Gold only"}], "Rogue": [{"id": "A", "gold": 8, "items": ["leather_armor", "dagger", "dagger", "shortsword", "shortbow", "arrows"], "label": "Leather, blades & bow"}, {"id": "B", "gold": 100, "items": [], "label": "Gold only"}], "Cleric": [{"id": "A", "gold": 7, "items": ["chain_shirt", "shield", "mace"], "label": "Chain shirt, shield & mace"}, {"id": "B", "gold": 110, "items": [], "label": "Gold only"}], "Ranger": [{"id": "A", "gold": 7, "items": ["studded_leather", "shortsword", "shortsword", "longbow", "arrows"], "label": "Studded leather & bow"}, {"id": "B", "gold": 150, "items": [], "label": "Gold only"}], "Wizard": [{"id": "A", "gold": 5, "items": ["quarterstaff", "dagger", "dagger"], "label": "Staff & daggers"}, {"id": "B", "gold": 55, "items": [], "label": "Gold only"}], "Fighter": [{"id": "A", "gold": 4, "items": ["chain_mail", "greataxe", "mace", "handaxe"], "label": "Heavy melee"}, {"id": "B", "gold": 11, "items": ["studded_leather", "shortsword", "shortsword", "longbow", "arrows"], "label": "Skirmisher"}, {"id": "C", "gold": 155, "items": [], "label": "Gold only"}], "Paladin": [{"id": "A", "gold": 9, "items": ["chain_mail", "shield", "longsword", "handaxe"], "label": "Chain mail, shield & sword"}, {"id": "B", "gold": 150, "items": [], "label": "Gold only"}], "Warlock": [{"id": "A", "gold": 15, "items": ["leather_armor", "dagger", "dagger"], "label": "Leather & daggers"}, {"id": "B", "gold": 100, "items": [], "label": "Gold only"}], "Sorcerer": [{"id": "A", "gold": 28, "items": ["quarterstaff", "dagger", "dagger"], "label": "Staff & daggers"}, {"id": "B", "gold": 50, "items": [], "label": "Gold only"}], "Barbarian": [{"id": "A", "gold": 15, "items": ["greataxe", "handaxe", "handaxe"], "label": "Greataxe & handaxes"}, {"id": "B", "gold": 75, "items": [], "label": "Gold only"}]}}', 'f')
ON CONFLICT (id) DO UPDATE SET data = EXCLUDED.data;
INSERT INTO campaigns (id, name, visibility, data, name_overridden) VALUES ('sandbox', 'The Testing Grounds', 'private', '{"gameStart": "A clinical stone dungeon built to stress-test every rule of combat. Step inside and begin.", "worldName": "The Testing Grounds", "narratives": {"noLoot": ["Nothing here to take."], "levelUp": ["Level up! You grow stronger.", "You feel a surge of power — level gained."], "noEnemy": ["No enemy here."], "killShot": ["The {enemy} falls. +{xp} XP.", "{enemy} is defeated. +{xp} XP.", "Down goes the {enemy}. +{xp} XP."], "combatHit": {"low": ["A glancing blow, but it counts.", "You scrape past the {enemy}''s guard."], "mid": ["Your attack connects. The {enemy} is hurt.", "You land a solid blow on the {enemy}."], "high": ["A decisive strike — the enemy staggers.", "Clean hit. The {enemy} reels."]}, "classStyle": {"Rogue": ["from the shadows", "finding the gap in their guard", "with practiced efficiency"], "Cleric": ["invoking divine power", "with righteous force", "guided by faith"], "Ranger": ["with hunter''s instinct", "with practiced aim", "reading the terrain"], "Wizard": ["channeling arcane energy", "with calculated intent", "augmented by magic"], "Fighter": ["with disciplined form", "with martial precision", "leveraging years of training"]}, "combatMiss": {"low": ["You swing wide.", "The attack fails to connect."], "mid": ["Attack misses.", "The {enemy} deflects your strike."], "high": ["Your attack goes wide. The {enemy} is fast.", "Near miss — the {enemy} dodges."]}, "deathLines": ["Slain by {enemy}. The dungeon claims another soul.", "The darkness of {world} takes you."], "alreadyDead": ["The remains of your foe lie still."], "roomArrival": {"exit_gate": ["The gate. So close."], "bone_crypt": ["The dead stir as you enter."], "entry_hall": ["You stand at the entrance. The dungeon awaits."], "great_hall": ["Something large moves in the shadows."], "guard_post": ["A goblin sentry spots you immediately."], "storage_room": ["Quiet. You can rest here."], "cultist_chamber": ["Candlelight flickers across a robed figure."]}, "weaponVerbs": {"mace": ["bludgeons with", "slams", "swings"], "dagger": ["stabs with", "drives", "flicks"], "rapier": ["thrusts with", "lunges with", "parries then drives"], "handaxe": ["hurls", "chops with", "swings"], "longbow": ["fires", "looses", "shoots"], "shortbow": ["fires", "looses an arrow with", "shoots"], "longsword": ["swings", "cleaves with", "drives"], "greatsword": ["cleaves with", "brings down", "sweeps"], "shortsword": ["slashes with", "drives", "cuts with"], "quarterstaff": ["strikes with", "sweeps", "thrusts"], "plus1_longsword": ["swings the gleaming blade", "drives the magical sword", "cleaves with"]}, "enemyAttacks": ["The {enemy} strikes back for {dmg} damage.", "The {enemy} retaliates — {dmg} damage.", "{enemy} attacks: {dmg} damage."], "lootPickedUp": ["You pick up the {item}.", "You take the {item}."], "sneakSuccess": ["You slip past the {enemy} undetected."], "alreadyLooted": ["Already taken."], "enemyDeflected": ["The {enemy} swings — deflected by your {armor}!", "Your {armor} turns the {enemy}''s blow."], "enemyReactions": {"Orc": ["roars", "bellows", "lets out a war cry"], "Ogre": ["bellows", "slams its fists together", "stomps the ground"], "Skeleton": ["rattles its bones", "clacks its jaw", "advances silently"], "Goblin Warrior": ["shrieks", "snarls", "snaps its teeth", "chatters angrily"], "Cultist Fanatic": ["mutters a dark prayer", "snarls with zealous fury", "raises a dagger"]}, "genericArrival": ["You move into the room, senses alert.", "The room opens before you.", "You enter cautiously."], "deathSaveStatus": {"1": ["Clinging to life."], "2": ["One foot in the grave."], "3": ["Stable — but unconscious."]}}, "backgrounds": [{"id": "soldier", "desc": "You have served in an organized military force.", "name": "Soldier", "feature": "Military Rank", "language": "Common", "originFeat": "savage_attacker", "featureDesc": "Soldiers and veterans recognize your authority.", "toolProficiency": "Gaming set", "skillProficiencies": ["athletics", "intimidation"], "abilityScoreIncreases": ["str", "dex", "con"]}, {"id": "criminal", "desc": "You have a history of breaking the law.", "name": "Criminal", "feature": "Criminal Contact", "language": "Thieves'' Cant", "originFeat": "alert", "featureDesc": "You have a contact who can help you find information or fences stolen goods.", "toolProficiency": "Thieves'' Tools", "skillProficiencies": ["stealth", "deception"], "abilityScoreIncreases": ["dex", "con", "int"]}, {"id": "sage", "desc": "You spent years learning the lore of the multiverse.", "name": "Sage", "feature": "Researcher", "language": "Common", "originFeat": "magic_initiate_arcane", "featureDesc": "If you do not know information, you know where to find it.", "toolProficiency": "Calligrapher''s Tools", "skillProficiencies": ["arcana", "history"], "abilityScoreIncreases": ["con", "int", "wis"]}, {"id": "acolyte", "desc": "You have spent your life in service to a temple.", "name": "Acolyte", "feature": "Shelter of the Faithful", "language": "Celestial", "originFeat": "magic_initiate_divine", "featureDesc": "You and your companions can receive healing and care at temples.", "toolProficiency": "Calligrapher''s Tools", "skillProficiencies": ["religion", "insight"], "abilityScoreIncreases": ["int", "wis", "cha"]}], "classSpells": {"Bard": ["charm_person", "healing_word", "sleep", "hold_person"], "Druid": ["shillelagh", "entangle", "cure_wounds", "healing_word"], "Cleric": ["sacred_flame", "cure_wounds", "guiding_bolt", "hold_person", "bless", "spiritual_weapon", "animate_dead"], "Ranger": ["cure_wounds", "entangle"], "Wizard": ["fire_bolt", "magic_missile", "thunderwave", "misty_step", "fireball", "animate_dead"], "Paladin": ["bless", "cure_wounds", "guiding_bolt"], "Warlock": ["eldritch_blast", "hex", "charm_person"], "Sorcerer": ["fire_bolt", "sleep", "burning_hands", "misty_step", "fireball"]}, "classStartingLoot": {"Bard": ["rapier", "leather_armor", "healing_potion"], "Monk": ["shortsword", "dart"], "Druid": ["quarterstaff", "leather_armor", "healing_potion"], "Rogue": ["shortsword", "dagger", "leather_armor"], "Cleric": ["mace", "chain_shirt", "shield"], "Ranger": ["longbow", "shortsword", "studded_leather"], "Wizard": ["quarterstaff", "healing_potion"], "Fighter": ["longsword", "chain_mail", "shield"], "Paladin": ["longsword", "chain_mail", "shield", "healing_potion"], "Warlock": ["dagger", "leather_armor", "healing_potion"], "Sorcerer": ["dagger", "healing_potion"], "Barbarian": ["greataxe", "handaxe", "healing_potion"]}, "classStartingEquipment": {"Bard": [{"id": "A", "gold": 19, "items": ["leather_armor", "dagger", "dagger"], "label": "Leather & daggers"}, {"id": "B", "gold": 90, "items": [], "label": "Gold only"}], "Monk": [{"id": "A", "gold": 11, "items": ["quarterstaff", "dagger", "dagger"], "label": "Staff & daggers"}, {"id": "B", "gold": 50, "items": [], "label": "Gold only"}], "Druid": [{"id": "A", "gold": 9, "items": ["leather_armor", "shield", "quarterstaff", "dagger"], "label": "Leather, shield & staff"}, {"id": "B", "gold": 50, "items": [], "label": "Gold only"}], "Rogue": [{"id": "A", "gold": 8, "items": ["leather_armor", "dagger", "dagger", "shortsword", "shortbow", "arrows"], "label": "Leather, blades & bow"}, {"id": "B", "gold": 100, "items": [], "label": "Gold only"}], "Cleric": [{"id": "A", "gold": 7, "items": ["chain_shirt", "shield", "mace"], "label": "Chain shirt, shield & mace"}, {"id": "B", "gold": 110, "items": [], "label": "Gold only"}], "Ranger": [{"id": "A", "gold": 7, "items": ["studded_leather", "shortsword", "shortsword", "longbow", "arrows"], "label": "Studded leather & bow"}, {"id": "B", "gold": 150, "items": [], "label": "Gold only"}], "Wizard": [{"id": "A", "gold": 5, "items": ["quarterstaff", "dagger", "dagger"], "label": "Staff & daggers"}, {"id": "B", "gold": 55, "items": [], "label": "Gold only"}], "Fighter": [{"id": "A", "gold": 4, "items": ["chain_mail", "greataxe", "mace", "handaxe"], "label": "Heavy melee"}, {"id": "B", "gold": 11, "items": ["studded_leather", "shortsword", "shortsword", "longbow", "arrows"], "label": "Skirmisher"}, {"id": "C", "gold": 155, "items": [], "label": "Gold only"}], "Paladin": [{"id": "A", "gold": 9, "items": ["chain_mail", "shield", "longsword", "handaxe"], "label": "Chain mail, shield & sword"}, {"id": "B", "gold": 150, "items": [], "label": "Gold only"}], "Warlock": [{"id": "A", "gold": 15, "items": ["leather_armor", "dagger", "dagger"], "label": "Leather & daggers"}, {"id": "B", "gold": 100, "items": [], "label": "Gold only"}], "Sorcerer": [{"id": "A", "gold": 28, "items": ["quarterstaff", "dagger", "dagger"], "label": "Staff & daggers"}, {"id": "B", "gold": 50, "items": [], "label": "Gold only"}], "Barbarian": [{"id": "A", "gold": 15, "items": ["greataxe", "handaxe", "handaxe"], "label": "Greataxe & handaxes"}, {"id": "B", "gold": 75, "items": [], "label": "Gold only"}]}}', 'f')
ON CONFLICT (id) DO UPDATE SET data = EXCLUDED.data;

-- wipe + reseed all relational/custom content for the two campaigns (replace-all = double-apply safe; children before parents)
DELETE FROM campaign_region_sites  WHERE campaign_id IN ('sandbox','malgovia');
DELETE FROM campaign_town_venues   WHERE campaign_id IN ('sandbox','malgovia');
DELETE FROM campaign_regions       WHERE campaign_id IN ('sandbox','malgovia');
DELETE FROM campaign_towns         WHERE campaign_id IN ('sandbox','malgovia');
DELETE FROM campaign_rooms         WHERE campaign_id IN ('sandbox','malgovia');
DELETE FROM campaign_custom_items  WHERE campaign_id IN ('sandbox','malgovia');
DELETE FROM campaign_custom_monsters WHERE campaign_id IN ('sandbox','malgovia');

-- campaign_regions
INSERT INTO campaign_regions (campaign_id,id,sort_order,name,is_starting_region,description,feet_per_square,start_x,start_y,encounter_chance,base_tier,grid,on_enter,on_first_enter,on_exit,on_first_exit,encounter_table) VALUES ('malgovia','vale_region','0','Malgovia','t','The borderland of Malgovia — a shadowed vale of old tombs, the frozen pass beneath the Iceshard Spire, and the silent grove beyond Pinegate, all ringed by pine-dark hills.','5280','0','7','0.1','1','[[{"t": "snow", "tier": 3}, {"t": "snow", "tier": 3}, {"t": "mountain", "tier": 3}, {"t": "mountain", "tier": 3}, {"t": "snow", "tier": 3}, {"t": "snow", "tier": 3}, {"t": "mountain", "tier": 3}, {"t": "snow", "tier": 3}, {"t": "hills", "tier": 3}, {"t": "hills", "tier": 3}, {"t": "hills", "tier": 3}, {"t": "plains", "tier": 3}], [{"t": "snow", "tier": 3}, {"t": "snow", "tier": 3}, {"t": "snow", "tier": 3}, {"t": "snow", "tier": 3}, {"t": "snow", "tier": 3}, {"t": "snow", "tier": 3}, {"t": "snow", "tier": 3}, {"t": "road", "tier": 3}, {"t": "road", "tier": 3}, {"t": "plains", "tier": 3}, {"t": "road", "tier": 3}, {"t": "hills", "tier": 3}], [{"t": "water", "tier": 3}, {"t": "water", "tier": 3}, {"t": "water", "tier": 3}, {"t": "water", "tier": 3}, {"t": "water", "tier": 3}, {"t": "water", "tier": 3}, {"t": "water", "tier": 3}, {"t": "water", "tier": 3}, {"t": "plains", "tier": 3}, {"t": "plains", "tier": 3}, {"t": "road", "tier": 3}, {"t": "plains", "tier": 3}], [{"t": "water", "tier": 2}, {"t": "water", "tier": 2}, {"t": "water", "tier": 2}, {"t": "water", "tier": 2}, {"t": "water", "tier": 2}, {"t": "water", "tier": 2}, {"t": "water", "tier": 2}, {"t": "water", "tier": 2}, {"t": "plains", "tier": 2}, {"t": "plains", "tier": 2}, {"t": "road", "tier": 2}, {"t": "plains", "tier": 2}], [{"t": "water", "tier": 2}, {"t": "water", "tier": 2}, {"t": "water", "tier": 2}, {"t": "water", "tier": 2}, {"t": "water", "tier": 2}, {"t": "water", "tier": 2}, {"t": "water", "tier": 2}, {"t": "water", "tier": 2}, {"t": "plains", "tier": 2}, {"t": "plains", "tier": 2}, {"t": "road", "tier": 2}, {"t": "plains", "tier": 2}], [{"t": "water"}, {"t": "water"}, {"t": "forest"}, {"t": "forest"}, {"t": "forest"}, {"t": "forest"}, {"t": "forest"}, {"t": "forest"}, {"t": "forest"}, {"t": "forest"}, {"t": "road"}, {"t": "plains"}], [{"t": "water"}, {"t": "water"}, {"t": "forest"}, {"t": "forest"}, {"t": "forest"}, {"t": "forest"}, {"t": "forest"}, {"t": "forest"}, {"t": "forest"}, {"t": "forest"}, {"t": "road"}, {"t": "plains"}], [{"t": "road"}, {"t": "road"}, {"t": "road"}, {"t": "road"}, {"t": "road"}, {"t": "road"}, {"t": "road"}, {"t": "road"}, {"t": "road"}, {"t": "road"}, {"t": "road"}, {"t": "plains"}]]',NULL,NULL,NULL,NULL,'["Bandit Ruffian", "Snowshrouded Bandit", "Frost Wolf", "Awakened Wolf"]');
INSERT INTO campaign_regions (campaign_id,id,sort_order,name,is_starting_region,description,feet_per_square,start_x,start_y,encounter_chance,base_tier,grid,on_enter,on_first_enter,on_exit,on_first_exit,encounter_table) VALUES ('sandbox','sandbox_region','0','The Testing Grounds','t','A featureless approach to the dungeon mouth.','5280','1','2',NULL,NULL,'[[{"t": "plains"}, {"t": "plains"}, {"t": "plains"}, {"t": "plains"}, {"t": "plains"}, {"t": "plains"}], [{"t": "plains"}, {"t": "plains"}, {"t": "plains"}, {"t": "plains"}, {"t": "plains"}, {"t": "plains"}], [{"t": "plains"}, {"t": "plains"}, {"t": "plains"}, {"t": "plains"}, {"t": "plains"}, {"t": "plains"}], [{"t": "plains"}, {"t": "plains"}, {"t": "plains"}, {"t": "plains"}, {"t": "plains"}, {"t": "plains"}], [{"t": "plains"}, {"t": "plains"}, {"t": "plains"}, {"t": "plains"}, {"t": "plains"}, {"t": "plains"}]]',NULL,NULL,NULL,NULL,'[]');

-- campaign_region_sites
INSERT INTO campaign_region_sites (campaign_id,region_id,id,sort_order,name,pos_x,pos_y,kind,town_id,entry_room_id,description,icon,on_enter,target_region_id,entry_x,entry_y) VALUES ('malgovia','vale_region','site_millhaven','0','Millhaven','10','7','town','millhaven_town',NULL,NULL,NULL,NULL,NULL,NULL,NULL);
INSERT INTO campaign_region_sites (campaign_id,region_id,id,sort_order,name,pos_x,pos_y,kind,town_id,entry_room_id,description,icon,on_enter,target_region_id,entry_x,entry_y) VALUES ('malgovia','vale_region','site_old_road','1','The Old Road','10','5','local',NULL,'old_road',NULL,'direction-signs',NULL,NULL,NULL,NULL);
INSERT INTO campaign_region_sites (campaign_id,region_id,id,sort_order,name,pos_x,pos_y,kind,town_id,entry_room_id,description,icon,on_enter,target_region_id,entry_x,entry_y) VALUES ('malgovia','vale_region','site_bandit_camp','2','Bandit Camp','11','3','local',NULL,'bandit_camp',NULL,'camping-tent',NULL,NULL,NULL,NULL);
INSERT INTO campaign_region_sites (campaign_id,region_id,id,sort_order,name,pos_x,pos_y,kind,town_id,entry_room_id,description,icon,on_enter,target_region_id,entry_x,entry_y) VALUES ('malgovia','vale_region','site_crypt','3','Shattered Crypt','9','3','local',NULL,'dungeon_crypt_entrance',NULL,'ancient-sword',NULL,NULL,NULL,NULL);
INSERT INTO campaign_region_sites (campaign_id,region_id,id,sort_order,name,pos_x,pos_y,kind,town_id,entry_room_id,description,icon,on_enter,target_region_id,entry_x,entry_y) VALUES ('malgovia','vale_region','site_pines','4','Whispering Pines','9','1','town','pines_village',NULL,NULL,NULL,NULL,NULL,NULL,NULL);
INSERT INTO campaign_region_sites (campaign_id,region_id,id,sort_order,name,pos_x,pos_y,kind,town_id,entry_room_id,description,icon,on_enter,target_region_id,entry_x,entry_y) VALUES ('malgovia','vale_region','site_pass','5','The Frozen Pass','5','1','local',NULL,'pass_climb',NULL,'mountain-road',NULL,NULL,NULL,NULL);
INSERT INTO campaign_region_sites (campaign_id,region_id,id,sort_order,name,pos_x,pos_y,kind,town_id,entry_room_id,description,icon,on_enter,target_region_id,entry_x,entry_y) VALUES ('malgovia','vale_region','site_spire','6','Iceshard Spire','1','0','local',NULL,'spire_entrance',NULL,'evil-tower',NULL,NULL,NULL,NULL);
INSERT INTO campaign_region_sites (campaign_id,region_id,id,sort_order,name,pos_x,pos_y,kind,town_id,entry_room_id,description,icon,on_enter,target_region_id,entry_x,entry_y) VALUES ('malgovia','vale_region','site_pinegate','7','Pinegate','2','7','town','pinegate_town',NULL,NULL,NULL,NULL,NULL,NULL,NULL);
INSERT INTO campaign_region_sites (campaign_id,region_id,id,sort_order,name,pos_x,pos_y,kind,town_id,entry_room_id,description,icon,on_enter,target_region_id,entry_x,entry_y) VALUES ('malgovia','vale_region','site_grove','8','The Silent Grove','5','6','local',NULL,'thornwater_bridge',NULL,'tile:forest',NULL,NULL,NULL,NULL);
INSERT INTO campaign_region_sites (campaign_id,region_id,id,sort_order,name,pos_x,pos_y,kind,town_id,entry_room_id,description,icon,on_enter,target_region_id,entry_x,entry_y) VALUES ('sandbox','sandbox_region','site_dungeon','0','The Dungeon','3','2','local',NULL,'entry_hall',NULL,NULL,NULL,NULL,NULL,NULL);

-- campaign_towns
INSERT INTO campaign_towns (campaign_id,id,sort_order,name,description,feet_per_square,grid,start_x,start_y,floor,on_enter,on_first_enter,on_exit,on_first_exit) VALUES ('malgovia','millhaven_town','0','Millhaven','A market town at the vale''s edge — temple, guild market, lantern-lit slums, and the Watch garrison.','25','[[{"t": "town_wall"}, {"t": "town_wall"}, {"t": "town_wall"}, {"t": "town_wall"}, {"t": "town_wall"}, {"t": "town_wall"}, {"t": "town_wall"}, {"t": "town_wall"}], [{"t": "plains"}, {"t": "plains"}, {"t": "garden"}, {"t": "plains"}, {"t": "cobblestone"}, {"t": "garden"}, {"t": "plains"}, {"t": "plains"}], [{"t": "plains"}, {"t": "plains"}, {"t": "cobblestone"}, {"t": "cobblestone"}, {"t": "cobblestone"}, {"t": "cobblestone"}, {"t": "plains"}, {"t": "plains"}], [{"t": "plains"}, {"t": "plains"}, {"t": "plains"}, {"t": "plains"}, {"t": "cobblestone"}, {"t": "plains"}, {"t": "plains"}, {"t": "plains"}], [{"t": "plains"}, {"t": "plains"}, {"t": "plains"}, {"t": "plains"}, {"t": "cobblestone"}, {"t": "plains"}, {"t": "plains"}, {"t": "plains"}], [{"t": "plains"}, {"t": "plains"}, {"t": "cobblestone"}, {"t": "cobblestone"}, {"t": "cobblestone"}, {"t": "cobblestone"}, {"t": "plains"}, {"t": "plains"}], [{"t": "plains"}, {"t": "plains"}, {"t": "garden"}, {"t": "plains"}, {"t": "cobblestone"}, {"t": "garden"}, {"t": "plains"}, {"t": "plains"}], [{"t": "plains"}, {"t": "plains"}, {"t": "plains"}, {"t": "plains"}, {"t": "plains"}, {"t": "plains"}, {"t": "plains"}, {"t": "plains"}]]','4','6',NULL,NULL,NULL,NULL,NULL);
INSERT INTO campaign_towns (campaign_id,id,sort_order,name,description,feet_per_square,grid,start_x,start_y,floor,on_enter,on_first_enter,on_exit,on_first_exit) VALUES ('malgovia','pines_village','1','Whispering Pines','A snow-shrouded square — the Pine Tavern, the Trapper’s Lodge, and the Warden Post.','25','[[{"t": "snow"}, {"t": "plains"}, {"t": "snow"}, {"t": "snow"}, {"t": "plains"}, {"t": "snow"}], [{"t": "plains"}, {"t": "plains"}, {"t": "plains"}, {"t": "plains"}, {"t": "plains"}, {"t": "plains"}], [{"t": "snow"}, {"t": "plains"}, {"t": "plains"}, {"t": "cobblestone"}, {"t": "plains"}, {"t": "snow"}], [{"t": "garden"}, {"t": "plains"}, {"t": "plains"}, {"t": "cobblestone"}, {"t": "plains"}, {"t": "garden"}], [{"t": "plains"}, {"t": "plains"}, {"t": "snow"}, {"t": "cobblestone"}, {"t": "snow"}, {"t": "plains"}], [{"t": "snow"}, {"t": "plains"}, {"t": "plains"}, {"t": "plains"}, {"t": "plains"}, {"t": "snow"}]]','3','3',NULL,NULL,NULL,NULL,NULL);
INSERT INTO campaign_towns (campaign_id,id,sort_order,name,description,feet_per_square,grid,start_x,start_y,floor,on_enter,on_first_enter,on_exit,on_first_exit) VALUES ('malgovia','pinegate_town','2','Pinegate','A lantern-lit village square ringed by pine — the well, the lodge, and worried faces.','25','[[{"t": "garden"}, {"t": "plains"}, {"t": "plains"}, {"t": "plains"}, {"t": "plains"}, {"t": "garden"}], [{"t": "plains"}, {"t": "plains"}, {"t": "plains"}, {"t": "water"}, {"t": "plains"}, {"t": "plains"}], [{"t": "plains"}, {"t": "plains"}, {"t": "plains"}, {"t": "cobblestone"}, {"t": "plains"}, {"t": "plains"}], [{"t": "garden"}, {"t": "plains"}, {"t": "cobblestone"}, {"t": "cobblestone"}, {"t": "cobblestone"}, {"t": "garden"}], [{"t": "plains"}, {"t": "plains"}, {"t": "plains"}, {"t": "cobblestone"}, {"t": "plains"}, {"t": "plains"}], [{"t": "garden"}, {"t": "plains"}, {"t": "plains"}, {"t": "plains"}, {"t": "plains"}, {"t": "garden"}]]','3','4',NULL,NULL,NULL,NULL,NULL);

-- campaign_town_venues
INSERT INTO campaign_town_venues (campaign_id,town_id,id,sort_order,name,pos_x,pos_y,kind,entry_room_id,description) VALUES ('malgovia','millhaven_town','venue_temple','0','Temple of Selûne','1','2','interior','millhaven_temple',NULL);
INSERT INTO campaign_town_venues (campaign_id,town_id,id,sort_order,name,pos_x,pos_y,kind,entry_room_id,description) VALUES ('malgovia','millhaven_town','venue_market','1','Merchant District','6','2','interior','millhaven_market',NULL);
INSERT INTO campaign_town_venues (campaign_id,town_id,id,sort_order,name,pos_x,pos_y,kind,entry_room_id,description) VALUES ('malgovia','millhaven_town','venue_lantern','2','Lantern District','1','5','interior','millhaven_lantern',NULL);
INSERT INTO campaign_town_venues (campaign_id,town_id,id,sort_order,name,pos_x,pos_y,kind,entry_room_id,description) VALUES ('malgovia','millhaven_town','venue_garrison','3','Garrison Office','6','5','interior','millhaven_garrison',NULL);
INSERT INTO campaign_town_venues (campaign_id,town_id,id,sort_order,name,pos_x,pos_y,kind,entry_room_id,description) VALUES ('malgovia','millhaven_town','venue_gate','4','Town Gate','4','7','gate',NULL,NULL);
INSERT INTO campaign_town_venues (campaign_id,town_id,id,sort_order,name,pos_x,pos_y,kind,entry_room_id,description) VALUES ('malgovia','pinegate_town','venue_square_grove','0','Village Square','1','2','interior','pinegate_square',NULL);
INSERT INTO campaign_town_venues (campaign_id,town_id,id,sort_order,name,pos_x,pos_y,kind,entry_room_id,description) VALUES ('malgovia','pinegate_town','venue_lodge_grove','1','The Burnt Stump','4','2','interior','pinegate_lodge',NULL);
INSERT INTO campaign_town_venues (campaign_id,town_id,id,sort_order,name,pos_x,pos_y,kind,entry_room_id,description) VALUES ('malgovia','pinegate_town','venue_gate_grove','2','Village Edge','3','5','gate',NULL,NULL);
INSERT INTO campaign_town_venues (campaign_id,town_id,id,sort_order,name,pos_x,pos_y,kind,entry_room_id,description) VALUES ('malgovia','pines_village','venue_tavern','0','Pine Tavern','1','1','interior','pines_tavern',NULL);
INSERT INTO campaign_town_venues (campaign_id,town_id,id,sort_order,name,pos_x,pos_y,kind,entry_room_id,description) VALUES ('malgovia','pines_village','venue_lodge','1','Trapper''s Lodge','4','1','interior','pines_lodge',NULL);
INSERT INTO campaign_town_venues (campaign_id,town_id,id,sort_order,name,pos_x,pos_y,kind,entry_room_id,description) VALUES ('malgovia','pines_village','venue_warden','2','Warden Post','1','4','interior','pines_warden',NULL);
INSERT INTO campaign_town_venues (campaign_id,town_id,id,sort_order,name,pos_x,pos_y,kind,entry_room_id,description) VALUES ('malgovia','pines_village','venue_gate_pines','3','Village Edge','3','5','gate',NULL,NULL);

-- campaign_rooms
INSERT INTO campaign_rooms (campaign_id,id,sort_order,name,description,feet_per_square,grid,entry_x,entry_y,exits,lighting,floor,can_rest,enemies,loot,npcs,on_enter,on_first_enter,on_exit,on_first_exit,objects,trap) VALUES ('malgovia','millhaven_square','0','Malgovia','The Old Road brings you into Malgovia. Millhaven lies to the west; the pine-dark hills hide darker places — and the pass and grove lie beyond.','5','[[{}]]','0','0','[]',NULL,NULL,'f','[]','[]','[]',NULL,NULL,NULL,NULL,'[]',NULL);
INSERT INTO campaign_rooms (campaign_id,id,sort_order,name,description,feet_per_square,grid,entry_x,entry_y,exits,lighting,floor,can_rest,enemies,loot,npcs,on_enter,on_first_enter,on_exit,on_first_exit,objects,trap) VALUES ('malgovia','millhaven_temple','1','Temple of Selûne','A modest stone temple, its silver crescent glinting above the door. Candles burn within.','5','[[{}, {}, {}, {}, {}, {}, {}], [{}, {"t": "garden"}, {}, {"t": "cobblestone"}, {}, {"t": "garden"}, {}], [{}, {}, {"t": "cobblestone"}, {"t": "cobblestone"}, {"t": "cobblestone"}, {}, {}], [{}, {}, {"t": "cobblestone"}, {"t": "cobblestone"}, {"t": "cobblestone"}, {}, {}], [{}, {}, {"t": "cobblestone"}, {"t": "cobblestone"}, {"t": "cobblestone"}, {}, {}], [{}, {}, {}, {"t": "cobblestone"}, {}, {}, {}], [{}, {}, {}, {"t": "cobblestone"}, {}, {}, {}]]','3','6','[{"pos": {"x": 3, "y": 0}, "label": "Step back into Millhaven", "ascends": true}]',NULL,NULL,'t','[]','[]','[{"ac": 11, "hp": 8, "id": "npc_sister_maren", "xp": 0, "pos": {"x": 3, "y": 2}, "icon": "prayer", "name": "Sister Maren", "toHit": 2, "damage": "1d4", "attitude": "friendly", "greeting": "Selûne''s blessing upon you, traveler. The crypt to the north — something evil has taken root there. I need brave souls to descend and cleanse it.", "responses": [{"label": "Tell me about the crypt.", "reply": "It is the Shattered Crypt. A lich was sealed within long ago. The Crypt Lord must be destroyed.", "responses": [{"label": "Who was the lich in life?", "reply": "A noble of the Third Age who bargained with death to outlive his line. The bargain kept his body — not his soul."}, {"label": "How do I destroy it?", "reply": "Strike down its body and the phylactery shatters with it. Bring radiance — the dead fear Selûne''s light."}], "consequences": [{"type": "advance_quest", "stepId": "step_learn_crypt", "questId": "quest_crypt"}]}, {"label": "I will clear the crypt.", "reply": "Bless you. The moonstone amulet within is sacred to Selûne — please return it.", "consequences": [{"type": "advance_quest", "stepId": "step_learn_crypt", "questId": "quest_crypt"}]}, {"label": "Can you heal my wounds?", "reply": "For a small donation to the temple, yes.", "consequences": [{"type": "modify_hp", "amount": 8}]}], "persuasionDC": 10}]',NULL,NULL,NULL,NULL,'[]',NULL);
INSERT INTO campaign_rooms (campaign_id,id,sort_order,name,description,feet_per_square,grid,entry_x,entry_y,exits,lighting,floor,can_rest,enemies,loot,npcs,on_enter,on_first_enter,on_exit,on_first_exit,objects,trap) VALUES ('malgovia','millhaven_market','2','Merchant District','Guild warehouses and market stalls. Aldric the Merchant holds court here.','5','[[{}, {}, {}, {}, {}, {}, {}], [{}, {}, {}, {}, {}, {}, {}], [{}, {}, {"t": "cobblestone"}, {"t": "cobblestone"}, {"t": "cobblestone"}, {}, {}], [{}, {}, {"t": "cobblestone"}, {"t": "cobblestone"}, {"t": "cobblestone"}, {}, {}], [{}, {}, {"t": "cobblestone"}, {"t": "cobblestone"}, {"t": "cobblestone"}, {}, {}], [{}, {"t": "garden"}, {}, {"t": "cobblestone"}, {}, {"t": "garden"}, {}], [{}, {}, {}, {"t": "cobblestone"}, {}, {}, {}]]','3','6','[{"pos": {"x": 3, "y": 0}, "label": "Step back into Millhaven", "ascends": true}]',NULL,NULL,'f','[]','[]','[{"ac": 10, "hp": 4, "id": "npc_aldric", "xp": 0, "pos": {"x": 3, "y": 2}, "icon": "shop", "name": "Aldric the Merchant", "shop": [{"price": 50, "itemId": "healing_potion"}], "toHit": 0, "damage": "1d4", "attitude": "friendly", "greeting": "Thank the gods — capable folk! Two of our supply wagons vanished on the Old Road three days past. I''ll pay well for anyone who finds what happened to them and recovers the shipping ledger.", "factionId": "faction_guild", "responses": [{"label": "I''ll look into the missing shipment.", "reply": "Wonderful! The ledger would prove our goods were never delivered — the Guild needs it to claim compensation.", "consequences": [{"type": "advance_quest", "stepId": "step_talk_aldric", "questId": "quest_shipment"}]}, {"label": "What do you know about the crypt?", "reply": "Nothing good. Locals avoid it. Word is, something stirs within — lights at night, groaning sounds."}], "persuasionDC": 12}]',NULL,NULL,NULL,NULL,'[]',NULL);
INSERT INTO campaign_rooms (campaign_id,id,sort_order,name,description,feet_per_square,grid,entry_x,entry_y,exits,lighting,floor,can_rest,enemies,loot,npcs,on_enter,on_first_enter,on_exit,on_first_exit,objects,trap) VALUES ('malgovia','millhaven_lantern','3','Lantern District','Narrow alleys and shuttered windows. Someone is watching from the shadows.','5','[[{}, {}, {}, {}, {}, {}, {}], [{}, {}, {}, {"t": "cobblestone"}, {}, {}, {}], [{}, {}, {}, {"t": "cobblestone"}, {}, {}, {}], [{}, {}, {"t": "cobblestone"}, {"t": "cobblestone"}, {"t": "cobblestone"}, {}, {}], [{}, {}, {}, {"t": "cobblestone"}, {}, {}, {}], [{}, {}, {}, {"t": "cobblestone"}, {}, {}, {}], [{}, {}, {}, {"t": "cobblestone"}, {}, {}, {}]]','3','6','[{"pos": {"x": 3, "y": 0}, "label": "Step back into Millhaven", "ascends": true}]',NULL,NULL,'f','[]','[]','[{"ac": 13, "hp": 14, "id": "npc_dusk", "xp": 0, "pos": {"x": 5, "y": 2}, "name": "Dusk", "toHit": 4, "damage": "1d6+2", "attitude": "indifferent", "greeting": "Eyes down, stranger. If it''s trouble with the Watch, we might have common cause.", "responses": [{"label": "Tell me about the City Watch.", "reply": "Captain Vane''s rotten from the boots up. I have proof — or I will, if you can get into his office.", "consequences": [{"type": "advance_quest", "stepId": "step_meet_dusk", "questId": "quest_shadow"}]}, {"label": "What do you need me to do?", "reply": "Vane keeps a letter in his strongbox at the garrison. Bring it to me.", "consequences": [{"type": "advance_quest", "stepId": "step_meet_dusk", "questId": "quest_shadow"}]}, {"label": "Not interested.", "reply": "Your loss. Don''t say I didn''t offer."}], "proper_noun": true, "persuasionDC": 14}]',NULL,NULL,NULL,NULL,'[]',NULL);
INSERT INTO campaign_rooms (campaign_id,id,sort_order,name,description,feet_per_square,grid,entry_x,entry_y,exits,lighting,floor,can_rest,enemies,loot,npcs,on_enter,on_first_enter,on_exit,on_first_exit,objects,trap) VALUES ('malgovia','millhaven_garrison','4','Garrison Office','A stone building bearing the City Watch crest. A strongbox sits behind the desk.','5','[[{}, {}, {}, {}, {}, {}, {}], [{}, {}, {}, {}, {}, {}, {}], [{}, {}, {"t": "cobblestone"}, {"t": "cobblestone"}, {"t": "cobblestone"}, {}, {}], [{}, {}, {"t": "cobblestone"}, {"t": "cobblestone"}, {"t": "cobblestone"}, {}, {}], [{}, {}, {"t": "cobblestone"}, {"t": "cobblestone"}, {"t": "cobblestone"}, {}, {}], [{}, {}, {}, {"t": "cobblestone"}, {}, {}, {}], [{}, {}, {}, {"t": "cobblestone"}, {}, {}, {}]]','3','6','[{"pos": {"x": 3, "y": 0}, "label": "Step back into Millhaven", "ascends": true}]',NULL,NULL,'f','[]','[]','[]',NULL,NULL,NULL,NULL,'[{"id": "captain_strongbox", "pos": {"x": 3, "y": 2}, "desc": "An iron strongbox bolted under the captain''s desk. The lock is intricate.", "name": "Captain''s Strongbox", "lootIds": ["shadow_evidence"], "searchDC": 15, "emptyText": "The lock resists you. Reset your tools and try again.", "foundText": "The lock clicks. Inside, the incriminating letter — proof Captain Vane was on the bandits'' payroll.", "searchable": true, "interactText": "You crouch beside the strongbox and work the lock."}]',NULL);
INSERT INTO campaign_rooms (campaign_id,id,sort_order,name,description,feet_per_square,grid,entry_x,entry_y,exits,lighting,floor,can_rest,enemies,loot,npcs,on_enter,on_first_enter,on_exit,on_first_exit,objects,trap) VALUES ('malgovia','old_road','5','The Old Road','A rutted track through the hills. Fresh wagon tracks veer off near a stand of dead trees — and the men who made them are still here.','5','[[{"t": "hills"}, {}, {}, {}, {}, {}, {}, {}, {}, {"t": "hills"}], [{}, {}, {}, {"t": "forest"}, {"t": "forest"}, {}, {}, {}, {}, {}], [{}, {}, {}, {}, {"t": "forest"}, {}, {}, {}, {}, {}], [{}, {}, {}, {}, {}, {}, {}, {}, {}, {}], [{"t": "road"}, {"t": "road"}, {"t": "road"}, {"t": "road"}, {"t": "road"}, {"t": "road"}, {"t": "road"}, {"t": "road"}, {"t": "road"}, {"t": "road"}], [{}, {}, {}, {}, {}, {}, {}, {}, {}, {}], [{}, {}, {}, {}, {}, {}, {}, {"t": "forest"}, {"t": "forest"}, {}], [{"t": "hills"}, {}, {}, {}, {}, {}, {}, {}, {}, {"t": "hills"}]]','0','4','[{"pos": {"x": 9, "y": 4}, "label": "Press on down the road", "ascends": true}]',NULL,NULL,'f','[{"name": "Bandit Ruffian", "count": 2, "drops": ["dagger"], "goldDrop": 8}]','[]','[]',NULL,NULL,NULL,NULL,'[]',NULL);
INSERT INTO campaign_rooms (campaign_id,id,sort_order,name,description,feet_per_square,grid,entry_x,entry_y,exits,lighting,floor,can_rest,enemies,loot,npcs,on_enter,on_first_enter,on_exit,on_first_exit,objects,trap) VALUES ('malgovia','dungeon_crypt_entrance','6','Crypt Entrance','Crumbling stone steps lead down. Crude graffiti warns: "Abandon hope." Torch brackets line the walls.','5','[[{}, {}, {}, {}, {}, {}, {}, {}, {}, {}], [{}, {"t": "cobblestone"}, {"t": "cobblestone"}, {"t": "cobblestone"}, {}, {}, {}, {}, {}, {}], [{}, {}, {"t": "cobblestone"}, {}, {}, {}, {}, {}, {}, {}], [{}, {}, {}, {}, {}, {}, {"t": "cobblestone"}, {}, {}, {}], [{}, {}, {}, {}, {"t": "mountain"}, {"t": "mountain"}, {}, {}, {}, {}], [{}, {}, {}, {}, {}, {"t": "mountain"}, {}, {}, {}, {}], [{}, {}, {}, {"t": "cobblestone"}, {}, {}, {"t": "cobblestone"}, {"t": "cobblestone"}, {}, {}], [{}, {}, {}, {}, {}, {}, {"t": "cobblestone"}, {}, {}, {}], [{}, {}, {}, {}, {}, {}, {}, {}, {}, {}], [{}, {}, {}, {}, {}, {}, {}, {}, {}, {}]]','0','0','[{"pos": {"x": 9, "y": 0}, "label": "Into the antechamber", "toRoomId": "dungeon_antechamber", "entrancePos": {"x": 0, "y": 0}}, {"pos": {"x": 0, "y": 9}, "label": "Climb out to the Old Road", "ascends": true}]','dim',NULL,'f','[]','[]','[]',NULL,NULL,NULL,NULL,'[]',NULL);
INSERT INTO campaign_rooms (campaign_id,id,sort_order,name,description,feet_per_square,grid,entry_x,entry_y,exits,lighting,floor,can_rest,enemies,loot,npcs,on_enter,on_first_enter,on_exit,on_first_exit,objects,trap) VALUES ('malgovia','dungeon_antechamber','7','Antechamber','A vaulted chamber of black stone. Funeral urns line the alcoves, some shattered. Bones litter the floor.','5','[[{}, {}, {}, {}, {}, {}, {}, {}, {}, {}], [{}, {}, {}, {}, {}, {}, {}, {}, {}, {}], [{}, {}, {"t": "cobblestone"}, {"t": "cobblestone"}, {}, {}, {"t": "cobblestone"}, {}, {}, {}], [{}, {}, {}, {}, {}, {}, {}, {"t": "cobblestone"}, {}, {}], [{}, {}, {}, {"t": "mountain"}, {"t": "mountain"}, {}, {}, {}, {}, {}], [{}, {}, {}, {}, {}, {"t": "cobblestone"}, {}, {}, {}, {}], [{}, {}, {"t": "cobblestone"}, {}, {}, {}, {"t": "mountain"}, {}, {}, {}], [{}, {}, {}, {}, {}, {}, {}, {}, {}, {}], [{}, {}, {}, {}, {}, {}, {}, {}, {}, {}], [{}, {}, {}, {}, {}, {}, {}, {}, {}, {}]]','0','0','[{"pos": {"x": 0, "y": 9}, "label": "Back to the entrance", "toRoomId": "dungeon_crypt_entrance", "entrancePos": {"x": 9, "y": 0}}, {"pos": {"x": 9, "y": 0}, "label": "Charnel Hall", "toRoomId": "dungeon_charnel_hall", "entrancePos": {"x": 0, "y": 0}}, {"pos": {"x": 9, "y": 9}, "label": "Chamber of Offerings", "toRoomId": "dungeon_offering_chamber", "entrancePos": {"x": 0, "y": 0}}]','dark',NULL,'f','[{"id": "dungeon_antechamber#0", "name": "Skeleton Warrior", "count": 1, "goldDrop": 3}]','[{"pos": {"x": 5, "y": 5}, "itemId": "healing_potion"}, {"pos": {"x": 7, "y": 3}, "itemId": "healing_potion"}]','[]',NULL,NULL,NULL,NULL,'[{"id": "funeral_urns", "pos": {"x": 2, "y": 7}, "desc": "Black ceramic urns sealed with wax. Most are cracked open.", "name": "Funeral Urns", "lootIds": ["healing_potion"], "searchDC": 10, "emptyText": "Ashes drift through your fingers. Steady your hand and search again.", "foundText": "Beneath the ashes — a small vial wrapped in cloth. A healing potion!", "searchable": true, "interactText": "You sift through the urns, brushing aside dust and ash."}]',NULL);
INSERT INTO campaign_rooms (campaign_id,id,sort_order,name,description,feet_per_square,grid,entry_x,entry_y,exits,lighting,floor,can_rest,enemies,loot,npcs,on_enter,on_first_enter,on_exit,on_first_exit,objects,trap) VALUES ('malgovia','dungeon_charnel_hall','8','Charnel Hall','A long corridor flanked by sealed burial niches. The seals on several niches have been broken from within. Loose flagstones in the middle of the hall give you pause.','5','[[{}, {}, {}, {}, {}, {}, {}, {}, {}, {}], [{}, {}, {}, {}, {}, {}, {}, {}, {}, {}], [{}, {}, {"t": "cobblestone"}, {"t": "cobblestone"}, {"t": "cobblestone"}, {}, {}, {}, {}, {}], [{}, {}, {}, {}, {}, {}, {}, {}, {}, {}], [{}, {}, {}, {"t": "mountain"}, {}, {}, {}, {}, {}, {}], [{}, {}, {}, {}, {}, {}, {"t": "mountain"}, {}, {}, {}], [{}, {}, {}, {}, {}, {}, {}, {}, {}, {}], [{}, {}, {}, {}, {}, {"t": "cobblestone"}, {"t": "cobblestone"}, {"t": "cobblestone"}, {}, {}], [{}, {}, {}, {}, {}, {}, {}, {}, {}, {}], [{}, {}, {}, {}, {}, {}, {}, {}, {}, {}]]','0','0','[{"pos": {"x": 0, "y": 9}, "label": "Back to the antechamber", "toRoomId": "dungeon_antechamber", "entrancePos": {"x": 9, "y": 0}}, {"pos": {"x": 9, "y": 9}, "label": "Shadow Gallery", "toRoomId": "dungeon_shadow_gallery", "entrancePos": {"x": 0, "y": 0}}]','dark',NULL,'f','[{"name": "Skeleton Warrior", "count": 2, "goldDrop": 3}]','[]','[]',NULL,NULL,NULL,NULL,'[]','{"dc": 13, "id": "charnel_hall_blade", "desc": "A subtle depression in the flagstones, connected to a spring-loaded blade in the wall.", "name": "Hidden Blade Plate", "damage": "2d6", "damageType": "slashing", "disarmFail": "You misjudge the angle — the mechanism trips and the blade scythes anyway!", "disarmSuccess": "You wedge a fragment of bone into the mechanism. The blade is jammed.", "detectNarrative": "You notice scoring in the wall opposite a worn flagstone — a blade trap, set to scythe across the corridor.", "triggerNarrative": "A blade scythes from the niche-wall! {name} takes {dmg} slashing damage."}');
INSERT INTO campaign_rooms (campaign_id,id,sort_order,name,description,feet_per_square,grid,entry_x,entry_y,exits,lighting,floor,can_rest,enemies,loot,npcs,on_enter,on_first_enter,on_exit,on_first_exit,objects,trap) VALUES ('malgovia','dungeon_offering_chamber','9','Chamber of Offerings','An altar to a forgotten death deity stands at the center. Coins and grave goods have been disturbed.','5','[[{}, {}, {}, {}, {}, {}, {}, {}, {}, {}], [{}, {}, {}, {}, {}, {}, {}, {}, {}, {}], [{}, {}, {"t": "cobblestone"}, {}, {}, {}, {}, {"t": "cobblestone"}, {}, {}], [{}, {}, {}, {}, {}, {}, {}, {}, {}, {}], [{}, {}, {}, {}, {"t": "mountain"}, {"t": "mountain"}, {}, {}, {}, {}], [{}, {}, {}, {}, {"t": "mountain"}, {"t": "mountain"}, {}, {}, {}, {}], [{}, {}, {}, {}, {}, {}, {}, {"t": "cobblestone"}, {}, {}], [{}, {}, {"t": "water"}, {"t": "water"}, {}, {}, {}, {}, {}, {}], [{}, {}, {}, {}, {}, {}, {}, {}, {}, {}], [{}, {}, {}, {}, {}, {}, {}, {}, {}, {}]]','0','0','[{"pos": {"x": 0, "y": 9}, "label": "Back to the antechamber", "toRoomId": "dungeon_antechamber", "entrancePos": {"x": 9, "y": 9}}, {"pos": {"x": 9, "y": 9}, "label": "Ossuary", "toRoomId": "dungeon_ossuary", "entrancePos": {"x": 0, "y": 0}}]','dark',NULL,'f','[{"id": "dungeon_offering_chamber#0", "name": "Crypt Ghoul", "count": 1, "goldDrop": 8}]','[{"pos": {"x": 5, "y": 5}, "itemId": "guild_ledger"}]','[]',NULL,NULL,NULL,NULL,'[]',NULL);
INSERT INTO campaign_rooms (campaign_id,id,sort_order,name,description,feet_per_square,grid,entry_x,entry_y,exits,lighting,floor,can_rest,enemies,loot,npcs,on_enter,on_first_enter,on_exit,on_first_exit,objects,trap) VALUES ('malgovia','dungeon_shadow_gallery','10','Shadow Gallery','Torchlight barely penetrates here. Paintings on the wall shift when you look away.','5','[[{}, {}, {}, {}, {}, {}, {}, {}, {}, {}], [{}, {}, {}, {}, {}, {}, {}, {}, {}, {}], [{}, {}, {"t": "cobblestone"}, {"t": "cobblestone"}, {}, {}, {}, {}, {}, {}], [{}, {}, {}, {}, {}, {}, {"t": "cobblestone"}, {}, {}, {}], [{}, {}, {}, {}, {"t": "mountain"}, {}, {}, {}, {}, {}], [{}, {}, {}, {}, {}, {"t": "mountain"}, {}, {}, {}, {}], [{}, {}, {}, {"t": "cobblestone"}, {}, {}, {"t": "mountain"}, {"t": "cobblestone"}, {}, {}], [{}, {}, {}, {}, {}, {}, {}, {}, {}, {}], [{}, {}, {}, {}, {}, {}, {}, {}, {}, {}], [{}, {}, {}, {}, {}, {}, {}, {}, {}, {}]]','0','0','[{"pos": {"x": 0, "y": 9}, "label": "Back to the Charnel Hall", "toRoomId": "dungeon_charnel_hall", "entrancePos": {"x": 9, "y": 9}}, {"pos": {"x": 9, "y": 9}, "label": "Throne of the Dead", "toRoomId": "dungeon_crypt_throne", "entrancePos": {"x": 1, "y": 1}}]','dark',NULL,'f','[{"id": "dungeon_shadow_gallery#0", "name": "Shadow", "count": 1}]','[]','[]',NULL,NULL,NULL,NULL,'[]',NULL);
INSERT INTO campaign_rooms (campaign_id,id,sort_order,name,description,feet_per_square,grid,entry_x,entry_y,exits,lighting,floor,can_rest,enemies,loot,npcs,on_enter,on_first_enter,on_exit,on_first_exit,objects,trap) VALUES ('malgovia','dungeon_ossuary','11','Ossuary','Bones are stacked floor to ceiling in ornate patterns. The artistry is almost beautiful.','5','[[{}, {}, {}, {}, {}, {}, {}, {}, {}, {}], [{}, {}, {}, {}, {}, {}, {}, {}, {}, {}], [{}, {}, {"t": "cobblestone"}, {}, {}, {}, {}, {"t": "cobblestone"}, {}, {}], [{}, {}, {}, {"t": "mountain"}, {}, {}, {}, {}, {}, {}], [{}, {}, {}, {"t": "mountain"}, {}, {}, {}, {}, {}, {}], [{}, {}, {}, {}, {}, {"t": "cobblestone"}, {"t": "mountain"}, {}, {}, {}], [{}, {}, {}, {}, {}, {}, {"t": "mountain"}, {}, {}, {}], [{}, {}, {"t": "cobblestone"}, {}, {}, {}, {}, {}, {}, {}], [{}, {}, {}, {}, {}, {}, {}, {}, {}, {}], [{}, {}, {}, {}, {}, {}, {}, {}, {}, {}]]','0','0','[{"pos": {"x": 0, "y": 9}, "label": "Back to the Chamber of Offerings", "toRoomId": "dungeon_offering_chamber", "entrancePos": {"x": 9, "y": 9}}, {"pos": {"x": 9, "y": 9}, "label": "Throne of the Dead", "toRoomId": "dungeon_crypt_throne", "entrancePos": {"x": 1, "y": 1}}]','dark',NULL,'f','[{"id": "dungeon_ossuary#0", "name": "Crypt Ghoul", "count": 1, "goldDrop": 8}]','[{"pos": {"x": 5, "y": 5}, "itemId": "healing_potion"}]','[]',NULL,NULL,NULL,NULL,'[]',NULL);
INSERT INTO campaign_rooms (campaign_id,id,sort_order,name,description,feet_per_square,grid,entry_x,entry_y,exits,lighting,floor,can_rest,enemies,loot,npcs,on_enter,on_first_enter,on_exit,on_first_exit,objects,trap) VALUES ('malgovia','dungeon_crypt_throne','12','Throne of the Dead','A massive chamber with a raised dais. An ancient throne of black stone dominates the room. Broken funeral pillars and piles of bone offer fragile cover. Something powerful waits here.','5','[[{}, {}, {}, {}, {}, {}, {}, {}, {}, {}], [{}, {}, {}, {}, {}, {"t": "cobblestone"}, {}, {}, {"t": "cobblestone"}, {}], [{}, {"t": "cobblestone"}, {}, {}, {}, {"t": "cobblestone"}, {}, {}, {}, {}], [{}, {}, {}, {}, {}, {}, {}, {}, {}, {}], [{}, {}, {}, {"m": "obstacle", "t": "mountain"}, {}, {}, {}, {"m": "obstacle", "t": "mountain"}, {}, {}], [{}, {}, {}, {}, {"m": "difficult"}, {"m": "difficult"}, {"m": "difficult"}, {}, {}, {}], [{}, {}, {}, {}, {"m": "obstacle", "t": "mountain"}, {}, {"m": "obstacle", "t": "mountain"}, {}, {}, {}], [{}, {}, {}, {}, {}, {}, {}, {}, {}, {}], [{}, {"t": "cobblestone"}, {}, {}, {}, {}, {}, {}, {"t": "cobblestone"}, {}], [{}, {}, {}, {}, {}, {}, {}, {}, {}, {}]]','1','1','[{"pos": {"x": 0, "y": 9}, "label": "Back to the Shadow Gallery", "toRoomId": "dungeon_shadow_gallery", "entrancePos": {"x": 9, "y": 9}}, {"pos": {"x": 9, "y": 0}, "label": "Back to the Ossuary", "toRoomId": "dungeon_ossuary", "entrancePos": {"x": 9, "y": 9}}, {"pos": {"x": 9, "y": 9}, "label": "A hidden passage in the dais", "toRoomId": "dungeon_crypt_exit", "entrancePos": {"x": 0, "y": 0}}]','dim',NULL,'f','[{"id": "dungeon_crypt_throne#0", "name": "Crypt Lord", "count": 1, "drops": ["healing_potion", "healing_potion"], "goldDrop": 120}, {"id": "dungeon_crypt_throne#minion_a", "name": "Skeleton Warrior", "count": 1, "goldDrop": 3}]','[{"pos": {"x": 5, "y": 8}, "itemId": "moonstone_amulet"}]','[]',NULL,NULL,NULL,NULL,'[]',NULL);
INSERT INTO campaign_rooms (campaign_id,id,sort_order,name,description,feet_per_square,grid,entry_x,entry_y,exits,lighting,floor,can_rest,enemies,loot,npcs,on_enter,on_first_enter,on_exit,on_first_exit,objects,trap) VALUES ('malgovia','dungeon_crypt_exit','13','Hidden Passage','A narrow shaft cuts upward through the rock, emerging near the crypt entrance above.','5','[[{}, {}, {}, {}, {}, {}, {}, {}], [{}, {"t": "cobblestone"}, {}, {}, {}, {}, {}, {}], [{}, {}, {"t": "cobblestone"}, {}, {}, {}, {}, {}], [{}, {}, {}, {"t": "mountain"}, {}, {}, {}, {}], [{}, {}, {}, {}, {"t": "mountain"}, {}, {}, {}], [{}, {}, {}, {}, {}, {"t": "cobblestone"}, {}, {}], [{}, {}, {}, {}, {}, {}, {"t": "cobblestone"}, {}], [{}, {}, {}, {}, {}, {}, {"t": "cobblestone"}, {}]]','0','0','[{"pos": {"x": 0, "y": 1}, "label": "Back down to the throne", "toRoomId": "dungeon_crypt_throne", "entrancePos": {"x": 9, "y": 9}}, {"pos": {"x": 7, "y": 7}, "label": "Climb out to the surface", "ascends": true}]',NULL,NULL,'f','[]','[]','[]',NULL,NULL,NULL,NULL,'[]',NULL);
INSERT INTO campaign_rooms (campaign_id,id,sort_order,name,description,feet_per_square,grid,entry_x,entry_y,exits,lighting,floor,can_rest,enemies,loot,npcs,on_enter,on_first_enter,on_exit,on_first_exit,objects,trap) VALUES ('malgovia','bandit_camp','14','Bandit Camp','A clearing ringed with crude tents and a smoldering cookfire. A half-stripped merchant wagon lists against a stump, Guild crates scattered around it. Lookouts turn at your approach.','5','[[{}, {}, {}, {"t": "forest"}, {}, {}, {"t": "forest"}, {}, {}, {}], [{}, {}, {}, {}, {}, {}, {}, {}, {}, {}], [{}, {}, {"t": "forest"}, {}, {}, {}, {}, {"t": "forest"}, {}, {}], [{}, {}, {}, {}, {}, {}, {}, {}, {}, {"t": "forest"}], [{}, {}, {}, {}, {"t": "mountain"}, {"t": "mountain"}, {}, {}, {}, {}], [{}, {}, {}, {}, {"t": "mountain"}, {}, {}, {}, {}, {}], [{}, {}, {}, {}, {}, {}, {"t": "mountain"}, {}, {}, {"t": "forest"}], [{}, {}, {}, {}, {}, {}, {}, {}, {}, {}], [{}, {}, {}, {}, {}, {}, {}, {}, {}, {}], [{}, {}, {}, {}, {}, {}, {}, {}, {}, {}]]','0','0','[{"pos": {"x": 9, "y": 9}, "label": "The Captain''s Tent", "toRoomId": "bandit_tent", "entrancePos": {"x": 0, "y": 0}}, {"pos": {"x": 0, "y": 9}, "label": "Leave the camp", "ascends": true}]','dim',NULL,'f','[{"name": "Bandit Ruffian", "count": 2, "drops": ["dagger"], "goldDrop": 9}, {"id": "bandit_camp#2", "name": "Bandit Bowman", "count": 1, "drops": ["shortsword"], "goldDrop": 10}]','[{"pos": {"x": 5, "y": 5}, "itemId": "healing_potion"}]','[]',NULL,NULL,NULL,NULL,'[]',NULL);
INSERT INTO campaign_rooms (campaign_id,id,sort_order,name,description,feet_per_square,grid,entry_x,entry_y,exits,lighting,floor,can_rest,enemies,loot,npcs,on_enter,on_first_enter,on_exit,on_first_exit,objects,trap) VALUES ('malgovia','bandit_tent','15','Captain''s Tent','A larger oilcloth tent at the camp''s heart. A war-map and a strongbox sit on a crate table. The Bandit Captain rises, hand on hilt.','5','[[{}, {}, {}, {}, {}, {}, {}, {"t": "forest"}], [{}, {}, {}, {}, {}, {}, {}, {}], [{}, {}, {}, {}, {}, {}, {}, {}], [{}, {}, {}, {"t": "mountain"}, {"t": "mountain"}, {}, {}, {}], [{}, {}, {}, {}, {}, {}, {}, {}], [{}, {}, {}, {}, {}, {}, {}, {}], [{}, {}, {}, {}, {}, {}, {}, {}], [{"t": "forest"}, {}, {}, {}, {}, {}, {}, {}]]','0','0','[{"pos": {"x": 7, "y": 7}, "label": "Back out to the camp", "toRoomId": "bandit_camp", "entrancePos": {"x": 9, "y": 9}}]','dim',NULL,'f','[{"id": "bandit_tent#0", "name": "Bandit Captain", "count": 1, "drops": ["studded_leather", "healing_potion"], "goldDrop": 60}, {"id": "bandit_tent#1", "name": "Bandit Ruffian", "count": 1, "drops": ["dagger"], "goldDrop": 9}]','[{"pos": {"x": 4, "y": 4}, "itemId": "stolen_shipment"}]','[]',NULL,NULL,NULL,NULL,'[]',NULL);
INSERT INTO campaign_rooms (campaign_id,id,sort_order,name,description,feet_per_square,grid,entry_x,entry_y,exits,lighting,floor,can_rest,enemies,loot,npcs,on_enter,on_first_enter,on_exit,on_first_exit,objects,trap) VALUES ('malgovia','pines_tavern','16','Pine Tavern','A low-beamed inn smelling of woodsmoke and mulled spirits. Innkeeper Brann tends the bar.','5','[[{}, {}, {}, {}, {}, {}, {}], [{}, {}, {}, {"t": "cobblestone"}, {}, {}, {}], [{}, {}, {"t": "cobblestone"}, {"t": "cobblestone"}, {"t": "cobblestone"}, {}, {}], [{}, {}, {"t": "cobblestone"}, {"t": "cobblestone"}, {"t": "cobblestone"}, {}, {}], [{}, {}, {}, {"t": "cobblestone"}, {}, {}, {}], [{}, {}, {}, {"t": "cobblestone"}, {}, {}, {}], [{}, {}, {"t": "snow"}, {}, {"t": "snow"}, {}, {}]]','3','6','[{"pos": {"x": 3, "y": 0}, "label": "Back into the village", "ascends": true}]',NULL,NULL,'t','[]','[]','[{"ac": 10, "hp": 6, "id": "npc_brann", "xp": 0, "pos": {"x": 2, "y": 2}, "icon": "beer-stein", "name": "Innkeeper Brann", "shop": [{"price": 20, "itemId": "elixir_of_warmth"}, {"price": 40, "itemId": "fur_cloak"}], "toHit": 0, "damage": "1d4", "attitude": "friendly", "greeting": "Thank the gods you''re here. Old Halden the trapper went up the pass three days back — never came down. Bring him back, or proof. I''ll pay.", "factionId": "faction_wardens", "responses": [{"label": "I''ll search the pass for Halden.", "reply": "Bless you. His daughter''s been crying herself to sleep. He carries a silver locket — bring it back if you find him."}, {"label": "What about the spire?", "reply": "Iceshard Spire. Cultists. Green fire in the topmost window. Captain Riese knows more."}], "persuasionDC": 10}]',NULL,NULL,NULL,NULL,'[]',NULL);
INSERT INTO campaign_rooms (campaign_id,id,sort_order,name,description,feet_per_square,grid,entry_x,entry_y,exits,lighting,floor,can_rest,enemies,loot,npcs,on_enter,on_first_enter,on_exit,on_first_exit,objects,trap) VALUES ('malgovia','pines_lodge','17','Trapper''s Lodge','Marta''s lodge — pelts hanging in racks, snowshoes and warhammers along the wall. A locked supply locker stands by the door.','5','[[{}, {}, {}, {}, {}, {}, {}], [{}, {}, {}, {"t": "cobblestone"}, {}, {}, {}], [{}, {}, {}, {"t": "cobblestone"}, {}, {}, {}], [{}, {}, {"t": "cobblestone"}, {"t": "cobblestone"}, {"t": "cobblestone"}, {}, {}], [{}, {}, {"t": "cobblestone"}, {"t": "cobblestone"}, {"t": "cobblestone"}, {}, {}], [{}, {}, {}, {"t": "cobblestone"}, {}, {}, {}], [{}, {}, {"t": "snow"}, {}, {"t": "snow"}, {}, {}]]','3','6','[{"pos": {"x": 3, "y": 0}, "label": "Back into the village", "ascends": true}]',NULL,NULL,'f','[]','[]','[{"ac": 13, "hp": 12, "id": "npc_marta", "xp": 0, "pos": {"x": 4, "y": 2}, "icon": "backpack", "name": "Marta the Trapper", "shop": [{"price": 30, "itemId": "warhammer"}, {"price": 50, "itemId": "longbow"}, {"price": 45, "itemId": "leather_armor"}, {"price": 18, "itemId": "elixir_of_warmth"}], "toHit": 3, "damage": "1d6+2", "attitude": "friendly", "greeting": "Halden was a friend. Take what you need — warhammers work better than blades on the mephits. Carry torches.", "factionId": "faction_wardens", "responses": [{"label": "Tell me about the mephits.", "reply": "Cold breath. Wear your cloak. They flee fire like cats from water."}], "persuasionDC": 11}]',NULL,NULL,NULL,NULL,'[{"id": "trapper_locker", "pos": {"x": 3, "y": 2}, "desc": "Marta''s supply locker, kept off the floor. The lock looks honest, not warded.", "name": "Trapper''s Locker", "lootIds": ["elixir_of_warmth"], "searchDC": 12, "emptyText": "The latch sticks. Brace it properly and try the lock again.", "foundText": "Inside: a wax-stoppered vial. An elixir of warmth.", "searchable": true, "interactText": "You crouch by the locker and pick at the latch."}]',NULL);
INSERT INTO campaign_rooms (campaign_id,id,sort_order,name,description,feet_per_square,grid,entry_x,entry_y,exits,lighting,floor,can_rest,enemies,loot,npcs,on_enter,on_first_enter,on_exit,on_first_exit,objects,trap) VALUES ('malgovia','pines_warden','18','Warden Post','Captain Riese''s command — a stone hut warmed by a single brazier. A war map covers one wall.','5','[[{}, {}, {}, {}, {}, {}, {}], [{}, {}, {}, {}, {}, {}, {}], [{}, {}, {"t": "cobblestone"}, {"t": "cobblestone"}, {"t": "cobblestone"}, {}, {}], [{}, {}, {"t": "cobblestone"}, {"t": "cobblestone"}, {"t": "cobblestone"}, {}, {}], [{}, {}, {"t": "cobblestone"}, {"t": "cobblestone"}, {"t": "cobblestone"}, {}, {}], [{}, {}, {}, {"t": "cobblestone"}, {}, {}, {}], [{}, {}, {"t": "snow"}, {}, {"t": "snow"}, {}, {}]]','3','6','[{"pos": {"x": 3, "y": 0}, "label": "Back into the village", "ascends": true}]',NULL,NULL,'f','[]','[]','[{"ac": 16, "hp": 22, "id": "npc_riese", "xp": 0, "pos": {"x": 3, "y": 2}, "icon": "spartan-helmet", "name": "Captain Riese", "toHit": 5, "damage": "1d8+3", "attitude": "indifferent", "greeting": "Listen — the trapper''s a sideshow. The real problem is the cult at Iceshard. Bring back their idol so I know how bad it''s gotten. Kill their leader and we end this for a generation.", "responses": [{"label": "I''ll end the cult at the spire.", "reply": "Good. The Acolyte will be at the top. Bring back the idol."}, {"label": "What about the cult?", "reply": "They worship something old in the ice. Take fire if you have it."}, {"label": "A healer?", "reply": "We''ve a field medic, yes. It''ll cost you, mind.", "consequences": [{"type": "modify_hp", "amount": 6}]}], "persuasionDC": 13}]',NULL,NULL,NULL,NULL,'[]',NULL);
INSERT INTO campaign_rooms (campaign_id,id,sort_order,name,description,feet_per_square,grid,entry_x,entry_y,exits,lighting,floor,can_rest,enemies,loot,npcs,on_enter,on_first_enter,on_exit,on_first_exit,objects,trap) VALUES ('malgovia','pass_climb','19','Frozen Pass','A switchback trail along the cliff face. Wind carries the scent of woodsmoke from below and something colder from above.','5','[[{}, {}, {}, {"t": "mountain"}, {"t": "mountain"}, {"t": "mountain"}, {"t": "mountain"}, {}, {}, {}], [{}, {}, {}, {}, {}, {}, {}, {}, {}, {}], [{}, {}, {}, {}, {}, {"t": "mountain"}, {}, {}, {}, {}], [{}, {"t": "snow"}, {"t": "snow"}, {}, {}, {}, {}, {"t": "snow"}, {}, {}], [{}, {}, {"t": "snow"}, {"t": "snow"}, {}, {}, {"t": "snow"}, {"t": "snow"}, {}, {}], [{}, {}, {}, {"t": "snow"}, {"t": "mountain"}, {}, {"t": "snow"}, {}, {}, {}], [{}, {}, {}, {}, {}, {}, {}, {}, {}, {}], [{}, {}, {}, {"t": "mountain"}, {"t": "mountain"}, {"t": "mountain"}, {"t": "mountain"}, {}, {}, {}]]','0','4','[{"pos": {"x": 9, "y": 4}, "label": "Back down the pass", "ascends": true}]',NULL,NULL,'f','[{"name": "Frost Wolf", "count": 2}]','[]','[]',NULL,NULL,NULL,NULL,'[]',NULL);
INSERT INTO campaign_rooms (campaign_id,id,sort_order,name,description,feet_per_square,grid,entry_x,entry_y,exits,lighting,floor,can_rest,enemies,loot,npcs,on_enter,on_first_enter,on_exit,on_first_exit,objects,trap) VALUES ('malgovia','spire_entrance','20','Spire Entrance','A black stone arch leans against the cliff. Old cult sigils mark the lintel. The air inside is colder than the wind.','5','[[{}, {}, {}, {}, {}, {}, {}, {}, {}, {}], [{}, {"t": "snow"}, {}, {}, {}, {}, {}, {}, {}, {}], [{}, {}, {"t": "snow"}, {}, {}, {}, {}, {"t": "snow"}, {}, {}], [{}, {}, {}, {}, {}, {}, {}, {}, {}, {}], [{}, {}, {}, {}, {"t": "mountain"}, {"t": "mountain"}, {}, {}, {}, {}], [{}, {}, {}, {}, {}, {"t": "mountain"}, {}, {}, {}, {}], [{}, {}, {"t": "snow"}, {}, {}, {}, {}, {"t": "snow"}, {}, {}], [{}, {}, {}, {}, {}, {}, {"t": "water"}, {}, {}, {}], [{}, {}, {}, {"t": "snow"}, {}, {}, {}, {}, {}, {}], [{}, {}, {}, {}, {}, {}, {}, {}, {}, {}]]','0','0','[{"pos": {"x": 9, "y": 0}, "label": "Into the Frozen Hall", "toRoomId": "spire_frozen_hall", "entrancePos": {"x": 0, "y": 0}}, {"pos": {"x": 0, "y": 9}, "label": "Back out to the pass", "ascends": true}]','dim',NULL,'f','[]','[{"pos": {"x": 5, "y": 5}, "itemId": "fur_cloak"}]','[]',NULL,NULL,NULL,NULL,'[]',NULL);
INSERT INTO campaign_rooms (campaign_id,id,sort_order,name,description,feet_per_square,grid,entry_x,entry_y,exits,lighting,floor,can_rest,enemies,loot,npcs,on_enter,on_first_enter,on_exit,on_first_exit,objects,trap) VALUES ('malgovia','spire_frozen_hall','21','Frozen Hall','A long pillared hall sheathed in ice. Frost mephits glitter in the air like motes of dust. Heavy icicles hang from the vaulted ceiling — some look ready to fall.','5','[[{}, {}, {}, {}, {}, {}, {}, {}, {}, {}], [{}, {"t": "snow"}, {}, {}, {}, {}, {}, {}, {"t": "snow"}, {}], [{}, {}, {}, {}, {}, {"t": "snow"}, {}, {}, {}, {}], [{}, {}, {}, {"t": "mountain"}, {}, {}, {"t": "mountain"}, {}, {}, {}], [{}, {}, {}, {}, {}, {}, {}, {}, {}, {}], [{}, {}, {"t": "snow"}, {}, {}, {"t": "water"}, {}, {}, {}, {}], [{}, {}, {}, {"t": "mountain"}, {}, {}, {"t": "mountain"}, {}, {}, {}], [{}, {}, {}, {}, {}, {}, {}, {}, {}, {}], [{}, {"t": "snow"}, {}, {}, {}, {}, {}, {}, {"t": "snow"}, {}], [{}, {}, {}, {}, {}, {}, {}, {}, {}, {}]]','0','0','[{"pos": {"x": 0, "y": 1}, "label": "Back to the entrance", "toRoomId": "spire_entrance", "entrancePos": {"x": 9, "y": 0}}, {"pos": {"x": 9, "y": 9}, "label": "Into the Cult Chamber", "toRoomId": "spire_cult_chamber", "entrancePos": {"x": 0, "y": 0}}]','dark',NULL,'f','[{"name": "Ice Mephit", "count": 2}]','[{"pos": {"x": 5, "y": 5}, "itemId": "elixir_of_warmth"}]','[]',NULL,NULL,NULL,NULL,'[]','{"dc": 12, "id": "frozen_hall_icicle", "desc": "A spear-length icicle hangs over the hall, threaded with a thawing rune. Disturbance below shakes it loose.", "name": "Falling Icicle", "damage": "2d6", "damageType": "piercing", "disarmFail": "Your hand slips on the rime — the icicle plummets early!", "disarmSuccess": "You snap the rune cleanly. The icicle slumps harmlessly.", "detectNarrative": "You spot the rune carved at the base of the icicle — pure ice, set to drop if the hall is disturbed.", "triggerNarrative": "The icicle plunges from the ceiling — {name} takes {dmg} piercing damage and a faceful of frost."}');
INSERT INTO campaign_rooms (campaign_id,id,sort_order,name,description,feet_per_square,grid,entry_x,entry_y,exits,lighting,floor,can_rest,enemies,loot,npcs,on_enter,on_first_enter,on_exit,on_first_exit,objects,trap) VALUES ('malgovia','spire_cult_chamber','22','Cult Chamber','A circular vault with a low altar of black ironwood. Frostspire cultists chant in unison around a captive form. (Old Halden lies bound near the altar, unconscious.)','5','[[{}, {}, {}, {}, {}, {}, {}, {}, {}, {}], [{}, {}, {}, {}, {}, {}, {}, {}, {}, {}], [{}, {}, {"t": "snow"}, {}, {}, {"t": "water"}, {}, {"t": "snow"}, {}, {}], [{}, {}, {}, {"t": "mountain"}, {}, {}, {}, {}, {}, {}], [{}, {}, {}, {}, {}, {}, {}, {}, {}, {}], [{}, {}, {}, {}, {"t": "mountain"}, {"t": "mountain"}, {}, {}, {}, {}], [{}, {}, {}, {}, {}, {}, {}, {"t": "mountain"}, {}, {}], [{}, {}, {"t": "snow"}, {}, {}, {}, {}, {"t": "snow"}, {}, {}], [{}, {}, {}, {}, {}, {}, {}, {}, {}, {}], [{}, {}, {}, {}, {}, {}, {}, {}, {}, {}]]','0','0','[{"pos": {"x": 0, "y": 1}, "label": "Back to the Frozen Hall", "toRoomId": "spire_frozen_hall", "entrancePos": {"x": 9, "y": 9}}, {"pos": {"x": 9, "y": 9}, "label": "Up to the Ritual Apex", "toRoomId": "spire_ritual_apex", "entrancePos": {"x": 1, "y": 1}}]','dim',NULL,'f','[{"name": "Frost Cultist", "count": 2}]','[{"pos": {"x": 5, "y": 5}, "itemId": "halden_locket"}]','[]',NULL,NULL,NULL,NULL,'[]',NULL);
INSERT INTO campaign_rooms (campaign_id,id,sort_order,name,description,feet_per_square,grid,entry_x,entry_y,exits,lighting,floor,can_rest,enemies,loot,npcs,on_enter,on_first_enter,on_exit,on_first_exit,objects,trap) VALUES ('malgovia','spire_ritual_apex','23','Ritual Apex','The spire''s top chamber. A green flame burns above the broken vault. Shattered ice columns and frozen statuary line the approach. The Frost Acolyte stands at the apex, hands raised, runes blazing.','5','[[{}, {}, {}, {}, {}, {}, {}, {}, {}, {}], [{}, {}, {}, {}, {}, {}, {}, {}, {}, {}], [{}, {"t": "snow"}, {"t": "snow"}, {}, {}, {}, {}, {}, {"t": "snow"}, {}], [{}, {}, {}, {}, {}, {"m": "obstacle", "t": "mountain"}, {}, {}, {}, {}], [{}, {}, {"m": "obstacle", "t": "mountain"}, {}, {"m": "difficult"}, {"m": "difficult"}, {"m": "difficult"}, {}, {"m": "obstacle", "t": "mountain"}, {}], [{}, {}, {}, {}, {}, {}, {}, {}, {}, {}], [{}, {}, {}, {}, {"m": "obstacle", "t": "mountain"}, {}, {"m": "obstacle", "t": "mountain"}, {}, {}, {}], [{}, {}, {}, {}, {}, {}, {}, {}, {}, {}], [{}, {"t": "snow"}, {}, {}, {}, {"t": "snow"}, {}, {}, {"t": "snow"}, {}], [{}, {}, {}, {}, {}, {}, {}, {}, {}, {}]]','1','1','[{"pos": {"x": 0, "y": 9}, "label": "Back to the Cult Chamber", "toRoomId": "spire_cult_chamber", "entrancePos": {"x": 9, "y": 9}}, {"pos": {"x": 9, "y": 9}, "label": "A hidden descent", "toRoomId": "spire_egress", "entrancePos": {"x": 0, "y": 0}}]','bright',NULL,'f','[{"id": "spire_ritual_apex#boss", "name": "Frost Acolyte", "count": 1}]','[{"pos": {"x": 5, "y": 8}, "itemId": "cult_idol"}]','[]',NULL,NULL,NULL,NULL,'[]',NULL);
INSERT INTO campaign_rooms (campaign_id,id,sort_order,name,description,feet_per_square,grid,entry_x,entry_y,exits,lighting,floor,can_rest,enemies,loot,npcs,on_enter,on_first_enter,on_exit,on_first_exit,objects,trap) VALUES ('malgovia','spire_egress','24','Hidden Descent','A narrow stair cuts through the cliff back to the lower trail. Daylight shows below.','5','[[{}, {}, {}, {}, {}, {}, {}, {}], [{}, {"t": "snow"}, {}, {}, {}, {}, {}, {}], [{}, {}, {"t": "snow"}, {}, {}, {}, {}, {}], [{}, {}, {}, {"t": "mountain"}, {}, {}, {}, {}], [{}, {}, {}, {}, {"t": "mountain"}, {}, {}, {}], [{}, {}, {}, {}, {}, {"t": "snow"}, {}, {}], [{}, {}, {}, {}, {}, {}, {"t": "snow"}, {}], [{}, {}, {}, {}, {}, {}, {"t": "snow"}, {}]]','0','0','[{"pos": {"x": 0, "y": 1}, "label": "Back up to the apex", "toRoomId": "spire_ritual_apex", "entrancePos": {"x": 9, "y": 9}}, {"pos": {"x": 7, "y": 7}, "label": "Descend to the pass", "ascends": true}]',NULL,NULL,'f','[]','[]','[]',NULL,NULL,NULL,NULL,'[]',NULL);
INSERT INTO campaign_rooms (campaign_id,id,sort_order,name,description,feet_per_square,grid,entry_x,entry_y,exits,lighting,floor,can_rest,enemies,loot,npcs,on_enter,on_first_enter,on_exit,on_first_exit,objects,trap) VALUES ('malgovia','pinegate_square','25','Pinegate Village','A small village square with a stone well at its center. Pine trees rise dark beyond the houses. Lanterns burn even at midday.','5','[[{"t": "garden"}, {}, {}, {}, {}, {}, {"t": "garden"}], [{}, {}, {}, {}, {}, {}, {}], [{}, {}, {"t": "cobblestone"}, {"t": "cobblestone"}, {"t": "cobblestone"}, {}, {}], [{"t": "garden"}, {}, {"t": "cobblestone"}, {"t": "water"}, {"t": "cobblestone"}, {}, {"t": "garden"}], [{}, {}, {"t": "cobblestone"}, {"t": "cobblestone"}, {"t": "cobblestone"}, {}, {}], [{}, {}, {}, {"t": "cobblestone"}, {}, {}, {}], [{"t": "garden"}, {}, {}, {"t": "cobblestone"}, {}, {}, {"t": "garden"}]]','3','6','[{"pos": {"x": 3, "y": 0}, "label": "Back into Pinegate", "ascends": true}]',NULL,'dirt','f','[]','[]','[{"ac": 10, "hp": 6, "id": "npc_elise_elder", "xp": 0, "pos": {"x": 3, "y": 2}, "icon": "sprite:pawn_yellow_idle", "name": "Old Elise (village elder)", "toHit": 0, "damage": "1d4", "attitude": "friendly", "greeting": "Mother Mareth went into the grove two weeks ago and never returned. The beasts have gone savage. We need someone — anyone — to walk the path she walked.", "factionId": "faction_verdant", "responses": [{"label": "We''ll find Mareth and the grove''s heart.", "reply": "Bless you. Take her charm from the lodge — it will let the Oak know you are no enemy. Defeat the Fey Trickster at the heart and the grove will mend.", "consequences": [{"type": "advance_quest", "stepId": "step_talk_elise", "questId": "quest_silent_grove"}]}, {"label": "What do you know about this Fey Trickster?", "reply": "A Sidhe creature. It charms first, kills second. Don''t look it in the eye. Mareth must have refused its bargain. Hex magic is its mark."}, {"label": "Mareth made deals with fey before?", "reply": "The Verdant Circle works with old powers, but this one came uninvited. Whatever pact it offered, Mareth refused — that is why the grove is in pain."}], "persuasionDC": 10}, {"ac": 11, "hp": 10, "id": "npc_bram_woodcutter", "xp": 0, "pos": {"x": 5, "y": 4}, "icon": "sprite:pawn_blue_axe_idle", "name": "Bram the Woodcutter", "toHit": 2, "damage": "1d6", "attitude": "friendly", "greeting": "Mind the treeline, friend — the pines have gone wrong of late. I keep my axe close and my eyes closer.", "responses": [{"label": "What have you seen in the woods?", "reply": "Shapes that don''t cast shadows. Thorns where the path was. I won''t go past the old marker stone anymore."}, {"label": "Safe travels, then.", "reply": "Aye. Keep to the light."}], "persuasionDC": 10}]',NULL,NULL,NULL,NULL,'[]',NULL);
INSERT INTO campaign_rooms (campaign_id,id,sort_order,name,description,feet_per_square,grid,entry_x,entry_y,exits,lighting,floor,can_rest,enemies,loot,npcs,on_enter,on_first_enter,on_exit,on_first_exit,objects,trap) VALUES ('malgovia','pinegate_lodge','26','The Burnt Stump (lodge)','A timber-frame lodge serving as inn, common-hall, and informal council seat. A fire crackles. Mareth''s carved charm hangs on the wall.','5','[[{}, {}, {}, {}, {}, {}, {}], [{}, {}, {}, {}, {}, {}, {}], [{}, {}, {"t": "cobblestone"}, {"t": "cobblestone"}, {"t": "cobblestone"}, {}, {}], [{}, {}, {"t": "cobblestone"}, {"t": "cobblestone"}, {"t": "cobblestone"}, {}, {}], [{}, {}, {"t": "cobblestone"}, {"t": "cobblestone"}, {"t": "cobblestone"}, {}, {}], [{}, {}, {}, {"t": "cobblestone"}, {}, {}, {}], [{}, {}, {}, {"t": "cobblestone"}, {}, {}, {}]]','3','6','[{"pos": {"x": 3, "y": 0}, "label": "Back into Pinegate", "ascends": true}]',NULL,NULL,'f','[]','[{"pos": {"x": 3, "y": 2}, "itemId": "circle_charm"}]','[{"ac": 11, "hp": 8, "id": "npc_tamsin_herbalist", "xp": 0, "pos": {"x": 4, "y": 2}, "icon": "health-potion", "name": "Tamsin the Herbalist", "shop": [{"price": 50, "itemId": "healing_potion"}], "toHit": 1, "damage": "1d4", "attitude": "friendly", "greeting": "Welcome. The grove has not yielded medicine in weeks — what I have left, I sell. Circle-members get a fair price.", "factionId": "faction_verdant", "responses": [{"label": "What can you tell me about the grove?", "reply": "The Ancient Oak is at the heart. Mareth used to commune with it. If you reach it and the Oak still lives, plant her charm at its roots — the grove will know."}], "persuasionDC": 10}]',NULL,NULL,NULL,NULL,'[]',NULL);
INSERT INTO campaign_rooms (campaign_id,id,sort_order,name,description,feet_per_square,grid,entry_x,entry_y,exits,lighting,floor,can_rest,enemies,loot,npcs,on_enter,on_first_enter,on_exit,on_first_exit,objects,trap) VALUES ('malgovia','thornwater_bridge','27','Thornwater Bridge','A stone bridge across rushing water. The pines on the far bank stand too still. A faded Verdant Circle banner hangs from the rail.','5','[[{}, {"t": "forest"}, {"t": "forest"}, {"t": "forest"}, {"t": "forest"}, {"t": "forest"}, {"t": "forest"}, {"t": "forest"}], [{}, {"t": "water"}, {"t": "water"}, {"t": "water"}, {"t": "water"}, {"t": "water"}, {"t": "water"}, {"t": "water"}], [{}, {"t": "water"}, {"t": "water"}, {"t": "water"}, {"t": "water"}, {"t": "water"}, {"t": "water"}, {"t": "water"}], [{"t": "cobblestone"}, {"t": "cobblestone"}, {"t": "cobblestone"}, {"t": "cobblestone"}, {"t": "cobblestone"}, {"t": "cobblestone"}, {"t": "cobblestone"}, {"t": "cobblestone"}], [{"t": "water"}, {"t": "water"}, {"t": "water"}, {"t": "water"}, {"t": "water"}, {"t": "water"}, {"t": "water"}, {"t": "water"}], [{"t": "water"}, {"t": "water"}, {"t": "water"}, {"t": "water"}, {"t": "water"}, {"t": "water"}, {"t": "water"}, {"t": "water"}]]','0','3','[{"pos": {"x": 7, "y": 3}, "label": "Cross into the grove", "toRoomId": "grove_entrance", "entrancePos": {"x": 0, "y": 0}}, {"pos": {"x": 0, "y": 0}, "label": "Back to the Verdant Reach", "ascends": true}]',NULL,NULL,'f','[]','[]','[]',NULL,NULL,NULL,NULL,'[]',NULL);
INSERT INTO campaign_rooms (campaign_id,id,sort_order,name,description,feet_per_square,grid,entry_x,entry_y,exits,lighting,floor,can_rest,enemies,loot,npcs,on_enter,on_first_enter,on_exit,on_first_exit,objects,trap) VALUES ('malgovia','grove_entrance','28','Grove Entrance','The path widens into a clearing of standing stones. Wolf-eyes glow from the underbrush. The Circle''s old gateway arch is here — and broken.','5','[[{}, {}, {}, {}, {}, {}, {}, {}, {}, {}], [{}, {}, {"t": "forest"}, {"t": "forest"}, {}, {}, {}, {}, {}, {}], [{}, {}, {}, {}, {}, {}, {"t": "forest"}, {"t": "forest"}, {}, {}], [{}, {}, {}, {}, {}, {}, {}, {}, {}, {}], [{}, {}, {}, {}, {"t": "garden"}, {"t": "garden"}, {}, {}, {"t": "forest"}, {}], [{}, {"t": "forest"}, {}, {}, {"t": "garden"}, {"t": "garden"}, {}, {}, {}, {}], [{}, {}, {}, {}, {}, {}, {}, {}, {}, {}], [{}, {}, {}, {}, {}, {}, {}, {"t": "forest"}, {}, {}], [{}, {}, {"t": "forest"}, {"t": "forest"}, {}, {}, {"t": "forest"}, {}, {}, {}], [{}, {}, {}, {}, {}, {}, {}, {}, {}, {}]]','0','0','[{"pos": {"x": 0, "y": 1}, "label": "Back to the bridge", "toRoomId": "thornwater_bridge", "entrancePos": {"x": 7, "y": 3}}, {"pos": {"x": 9, "y": 9}, "label": "Into the Thornwood", "toRoomId": "thornwood_maze", "entrancePos": {"x": 0, "y": 0}}]',NULL,'grass','f','[{"name": "Awakened Wolf", "count": 2}]','[]','[]',NULL,NULL,NULL,NULL,'[]',NULL);
INSERT INTO campaign_rooms (campaign_id,id,sort_order,name,description,feet_per_square,grid,entry_x,entry_y,exits,lighting,floor,can_rest,enemies,loot,npcs,on_enter,on_first_enter,on_exit,on_first_exit,objects,trap) VALUES ('malgovia','thornwood_maze','29','The Thornwood Maze','A winding stretch of thorn-thicket where the path forks and rejoins. Webs glint between branches. Something many-legged moves overhead.','5','[[{}, {}, {}, {}, {}, {}, {}, {}, {}, {}], [{}, {}, {"t": "forest"}, {"t": "forest"}, {}, {}, {}, {}, {}, {}], [{}, {}, {}, {}, {}, {}, {"t": "forest"}, {}, {}, {}], [{}, {"t": "forest"}, {}, {}, {"t": "forest"}, {}, {}, {}, {"t": "forest"}, {}], [{}, {}, {"t": "swamp"}, {}, {}, {}, {"t": "forest"}, {"t": "swamp"}, {}, {}], [{}, {}, {"t": "forest"}, {}, {}, {"t": "forest"}, {}, {}, {}, {}], [{}, {}, {}, {}, {"t": "forest"}, {}, {}, {"t": "forest"}, {}, {}], [{}, {}, {}, {"t": "forest"}, {}, {"t": "swamp"}, {}, {}, {"t": "forest"}, {}], [{}, {"t": "forest"}, {}, {}, {}, {"t": "forest"}, {}, {}, {}, {}], [{}, {}, {}, {}, {}, {}, {}, {}, {}, {}]]','0','0','[{"pos": {"x": 0, "y": 1}, "label": "Back to the entrance", "toRoomId": "grove_entrance", "entrancePos": {"x": 9, "y": 9}}, {"pos": {"x": 9, "y": 9}, "label": "To the Ancient Oak", "toRoomId": "ancient_oak", "entrancePos": {"x": 1, "y": 1}}]',NULL,NULL,'f','[{"name": "Giant Spider", "count": 2}]','[]','[]',NULL,NULL,NULL,NULL,'[]',NULL);
INSERT INTO campaign_rooms (campaign_id,id,sort_order,name,description,feet_per_square,grid,entry_x,entry_y,exits,lighting,floor,can_rest,enemies,loot,npcs,on_enter,on_first_enter,on_exit,on_first_exit,objects,trap) VALUES ('malgovia','ancient_oak','30','The Ancient Oak','A vast, ancient oak at the grove''s heart. Roots curl up from the earth in a circular dais, splitting the approach into braided paths. A figure in fey green stands at the trunk — the Trickster, with two trained bears flanking it.','5','[[{}, {}, {}, {}, {}, {}, {}, {}, {}, {}], [{}, {}, {}, {}, {}, {}, {}, {}, {}, {}], [{}, {}, {"t": "forest"}, {}, {}, {}, {}, {}, {"t": "forest"}, {}], [{}, {}, {}, {}, {"m": "obstacle"}, {}, {"m": "obstacle"}, {}, {}, {}], [{}, {}, {}, {}, {"t": "garden"}, {"m": "difficult", "t": "garden"}, {"t": "garden"}, {}, {}, {}], [{}, {}, {}, {"m": "obstacle"}, {"m": "difficult", "t": "garden"}, {"m": "difficult", "t": "garden"}, {"m": "difficult", "t": "garden"}, {"m": "obstacle"}, {}, {}], [{}, {}, {}, {}, {"t": "garden"}, {"m": "obstacle"}, {"t": "garden"}, {}, {}, {}], [{}, {"t": "forest"}, {}, {}, {}, {"t": "garden"}, {}, {}, {"t": "forest"}, {}], [{}, {}, {"t": "forest"}, {}, {}, {}, {}, {"t": "forest"}, {}, {}], [{}, {}, {}, {}, {}, {}, {}, {}, {}, {}]]','1','1','[{"pos": {"x": 0, "y": 9}, "label": "Back into the maze", "toRoomId": "thornwood_maze", "entrancePos": {"x": 9, "y": 9}}, {"pos": {"x": 9, "y": 9}, "label": "Into the sanctum", "toRoomId": "grove_sanctum", "entrancePos": {"x": 0, "y": 0}}]',NULL,NULL,'f','[{"id": "ancient_oak#0", "name": "Fey Trickster", "count": 1}, {"id": "ancient_oak#1", "name": "Thornbound Wolf", "count": 1}]','[]','[]',NULL,NULL,NULL,NULL,'[]',NULL);
INSERT INTO campaign_rooms (campaign_id,id,sort_order,name,description,feet_per_square,grid,entry_x,entry_y,exits,lighting,floor,can_rest,enemies,loot,npcs,on_enter,on_first_enter,on_exit,on_first_exit,objects,trap) VALUES ('malgovia','grove_sanctum','31','Grove Sanctum','A sunlit clearing past the Oak. Mareth''s charm warms in your hand. The path back to Pinegate is open.','5','[[{}, {}, {}, {}, {}, {}, {}, {}], [{}, {"t": "forest"}, {}, {}, {}, {}, {"t": "forest"}, {}], [{}, {}, {}, {}, {}, {}, {}, {}], [{}, {}, {}, {"t": "garden"}, {"t": "garden"}, {"t": "garden"}, {}, {}], [{}, {}, {"t": "garden"}, {"t": "garden"}, {"t": "garden"}, {}, {}, {}], [{}, {}, {}, {}, {"t": "garden"}, {}, {"t": "forest"}, {}], [{}, {"t": "forest"}, {"t": "forest"}, {}, {}, {}, {"t": "forest"}, {}], [{}, {}, {}, {}, {}, {}, {}, {}]]','0','0','[{"pos": {"x": 0, "y": 1}, "label": "Back to the Oak", "toRoomId": "ancient_oak", "entrancePos": {"x": 9, "y": 9}}, {"pos": {"x": 7, "y": 7}, "label": "Return to Pinegate", "ascends": true}]',NULL,'grass','f','[]','[{"pos": {"x": 4, "y": 4}, "itemId": "oak_heart"}]','[]',NULL,NULL,NULL,NULL,'[]',NULL);
INSERT INTO campaign_rooms (campaign_id,id,sort_order,name,description,feet_per_square,grid,entry_x,entry_y,exits,lighting,floor,can_rest,enemies,loot,npcs,on_enter,on_first_enter,on_exit,on_first_exit,objects,trap) VALUES ('sandbox','entry_hall','0','Entry Hall','A torchlit stone corridor. Crumbling archways lead deeper into the dungeon. A weapon rack on the wall holds a dusty blade.','5','[[{}, {}, {}, {}, {}, {}, {}, {}], [{}, {}, {}, {}, {}, {}, {}, {}], [{}, {}, {}, {}, {}, {}, {}, {}], [{}, {}, {}, {}, {}, {}, {}, {}], [{}, {}, {}, {}, {}, {}, {}, {}], [{}, {}, {}, {}, {}, {}, {}, {}], [{}, {}, {}, {}, {}, {}, {}, {}], [{}, {}, {}, {}, {}, {}, {}, {}]]','0','0','[{"pos": {"x": 7, "y": 0}, "label": "Deeper in", "toRoomId": "guard_post", "entrancePos": {"x": 0, "y": 0}}, {"pos": {"x": 0, "y": 7}, "label": "Leave the dungeon", "ascends": true}]',NULL,NULL,'f','[]','[]','[]',NULL,NULL,NULL,NULL,'[{"id": "weapon_rack", "desc": "A rusted iron rack holding an assortment of old weapons.", "name": "Weapon Rack", "lootIds": ["dagger"], "searchDC": 10, "emptyText": "You miss it on the first pass. Look again.", "foundText": "Beneath the rust, a serviceable dagger.", "searchable": true, "interactText": "You examine the weapon rack."}]',NULL);
INSERT INTO campaign_rooms (campaign_id,id,sort_order,name,description,feet_per_square,grid,entry_x,entry_y,exits,lighting,floor,can_rest,enemies,loot,npcs,on_enter,on_first_enter,on_exit,on_first_exit,objects,trap) VALUES ('sandbox','guard_post','1','Guard Post','A crude goblin sentry post. Alarm bells hang from a string across the doorway. Crossbow bolts are scattered on the floor.','5','[[{}, {}, {}, {}, {}, {}, {}, {}], [{}, {}, {}, {}, {}, {}, {}, {}], [{}, {}, {}, {}, {}, {}, {}, {}], [{}, {}, {}, {}, {}, {}, {}, {}], [{}, {}, {}, {}, {}, {}, {}, {}], [{}, {}, {}, {}, {}, {}, {}, {}], [{}, {}, {}, {}, {}, {}, {}, {}], [{}, {}, {}, {}, {}, {}, {}, {}]]','0','0','[{"pos": {"x": 0, "y": 1}, "label": "Back to the entry hall", "toRoomId": "entry_hall", "entrancePos": {"x": 7, "y": 0}}, {"pos": {"x": 7, "y": 7}, "label": "Into the crypt", "toRoomId": "bone_crypt", "entrancePos": {"x": 0, "y": 0}}]',NULL,NULL,'f','[{"id": "guard_post#0", "name": "Goblin Warrior", "count": 1}]','[]','[]',NULL,NULL,NULL,NULL,'[]',NULL);
INSERT INTO campaign_rooms (campaign_id,id,sort_order,name,description,feet_per_square,grid,entry_x,entry_y,exits,lighting,floor,can_rest,enemies,loot,npcs,on_enter,on_first_enter,on_exit,on_first_exit,objects,trap) VALUES ('sandbox','bone_crypt','2','Bone Crypt','Shelves carved into the walls hold hundreds of bones. The air is deathly still.','5','[[{}, {}, {}, {}, {}, {}, {}, {}], [{}, {}, {}, {}, {}, {}, {}, {}], [{}, {}, {}, {}, {}, {}, {}, {}], [{}, {}, {}, {}, {}, {}, {}, {}], [{}, {}, {}, {}, {}, {}, {}, {}], [{}, {}, {}, {}, {}, {}, {}, {}], [{}, {}, {}, {}, {}, {}, {}, {}], [{}, {}, {}, {}, {}, {}, {}, {}]]','0','0','[{"pos": {"x": 0, "y": 1}, "label": "Back to the guard post", "toRoomId": "guard_post", "entrancePos": {"x": 7, "y": 7}}, {"pos": {"x": 7, "y": 7}, "label": "Through to storage", "toRoomId": "storage_room", "entrancePos": {"x": 0, "y": 0}}]',NULL,NULL,'f','[{"id": "bone_crypt#0", "name": "Skeleton", "count": 1}]','[]','[]',NULL,NULL,NULL,NULL,'[]','{"dc": 13, "id": "pressure_plate", "desc": "A subtle depression in the floor stone, connected to a spring-loaded spear mechanism.", "name": "Pressure Plate", "damage": "2d6", "damageType": "piercing", "disarmFail": "Your attempt to jam the mechanism fails — it triggers! Spears slam from the walls.", "disarmSuccess": "With careful hands, you jam the mechanism. The trap is disabled.", "detectNarrative": "You spot a slight discoloration in the floor stones — a pressure plate. Stepping on it would be bad.", "triggerNarrative": "A plate depresses underfoot — spears erupt from the walls! {name} takes {dmg} piercing damage."}');
INSERT INTO campaign_rooms (campaign_id,id,sort_order,name,description,feet_per_square,grid,entry_x,entry_y,exits,lighting,floor,can_rest,enemies,loot,npcs,on_enter,on_first_enter,on_exit,on_first_exit,objects,trap) VALUES ('sandbox','storage_room','3','Storage Room','Barrels and crates are stacked against the walls. The room is quiet — a rare moment of safety.','5','[[{}, {}, {}, {}, {}, {}, {}, {}], [{}, {}, {}, {}, {}, {}, {}, {}], [{}, {}, {}, {}, {}, {}, {}, {}], [{}, {}, {}, {}, {}, {}, {}, {}], [{}, {}, {}, {}, {}, {}, {}, {}], [{}, {}, {}, {}, {}, {}, {}, {}], [{}, {}, {}, {}, {}, {}, {}, {}], [{}, {}, {}, {}, {}, {}, {}, {}]]','0','0','[{"pos": {"x": 0, "y": 1}, "label": "Back to the crypt", "toRoomId": "bone_crypt", "entrancePos": {"x": 7, "y": 7}}, {"pos": {"x": 7, "y": 7}, "label": "Into the great hall", "toRoomId": "great_hall", "entrancePos": {"x": 0, "y": 0}}]',NULL,NULL,'t','[]','[]','[]',NULL,NULL,NULL,NULL,'[{"id": "supply_crate", "desc": "A heavy wooden crate, sealed with iron bands.", "name": "Supply Crate", "lootIds": ["healing_potion"], "searchDC": 10, "emptyText": "The lid jams. Get a better grip and try again.", "foundText": "Inside: a vial of red liquid. A healing potion.", "searchable": true, "interactText": "You pry open the crate."}]',NULL);
INSERT INTO campaign_rooms (campaign_id,id,sort_order,name,description,feet_per_square,grid,entry_x,entry_y,exits,lighting,floor,can_rest,enemies,loot,npcs,on_enter,on_first_enter,on_exit,on_first_exit,objects,trap) VALUES ('sandbox','great_hall','4','Great Hall','A cavernous chamber with a crumbling stone throne at one end. Something large patrols the center.','5','[[{}, {}, {}, {}, {}, {}, {}, {}], [{}, {}, {}, {}, {}, {}, {}, {}], [{}, {}, {}, {}, {}, {}, {}, {}], [{}, {}, {}, {}, {}, {}, {}, {}], [{}, {}, {}, {}, {}, {}, {}, {}], [{}, {}, {}, {}, {}, {}, {}, {}], [{}, {}, {}, {}, {}, {}, {}, {}], [{}, {}, {}, {}, {}, {}, {}, {}]]','0','0','[{"pos": {"x": 0, "y": 1}, "label": "Back to storage", "toRoomId": "storage_room", "entrancePos": {"x": 7, "y": 7}}, {"pos": {"x": 7, "y": 7}, "label": "To the cultist chamber", "toRoomId": "cultist_chamber", "entrancePos": {"x": 0, "y": 0}}]',NULL,NULL,'f','[{"id": "great_hall#0", "name": "Ogre", "count": 1}]','[{"itemId": "plus1_longsword"}]','[]',NULL,NULL,NULL,NULL,'[]',NULL);
INSERT INTO campaign_rooms (campaign_id,id,sort_order,name,description,feet_per_square,grid,entry_x,entry_y,exits,lighting,floor,can_rest,enemies,loot,npcs,on_enter,on_first_enter,on_exit,on_first_exit,objects,trap) VALUES ('sandbox','cultist_chamber','5','Cultist Chamber','Ritual candles surround a dark altar. A robed figure turns to face you, eyes wild with fervor.','5','[[{}, {}, {}, {}, {}, {}, {}, {}], [{}, {}, {}, {}, {}, {}, {}, {}], [{}, {}, {}, {}, {}, {}, {}, {}], [{}, {}, {}, {}, {}, {}, {}, {}], [{}, {}, {}, {}, {}, {}, {}, {}], [{}, {}, {}, {}, {}, {}, {}, {}], [{}, {}, {}, {}, {}, {}, {}, {}], [{}, {}, {}, {}, {}, {}, {}, {}]]','0','0','[{"pos": {"x": 0, "y": 1}, "label": "Back to the great hall", "toRoomId": "great_hall", "entrancePos": {"x": 7, "y": 7}}, {"pos": {"x": 7, "y": 0}, "label": "Toward the gate", "toRoomId": "exit_gate", "entrancePos": {"x": 0, "y": 0}}]',NULL,NULL,'f','[{"id": "cultist_chamber#0", "name": "Cultist Fanatic", "count": 1}]','[]','[]',NULL,NULL,NULL,NULL,'[]',NULL);
INSERT INTO campaign_rooms (campaign_id,id,sort_order,name,description,feet_per_square,grid,entry_x,entry_y,exits,lighting,floor,can_rest,enemies,loot,npcs,on_enter,on_first_enter,on_exit,on_first_exit,objects,trap) VALUES ('sandbox','exit_gate','6','Exit Gate','Iron-banded doors stand at the far end of the chamber. Freedom — if you can reach it.','5','[[{}, {}, {}, {}, {}, {}, {}, {}], [{}, {}, {}, {}, {}, {}, {}, {}], [{}, {}, {}, {}, {}, {}, {}, {}], [{}, {}, {}, {}, {}, {}, {}, {}], [{}, {}, {}, {}, {}, {}, {}, {}], [{}, {}, {}, {}, {}, {}, {}, {}], [{}, {}, {}, {}, {}, {}, {}, {}], [{}, {}, {}, {}, {}, {}, {}, {}]]','0','0','[{"pos": {"x": 0, "y": 1}, "label": "Back to the cultist chamber", "toRoomId": "cultist_chamber", "entrancePos": {"x": 7, "y": 0}}, {"pos": {"x": 7, "y": 7}, "label": "Force the gate — leave the dungeon", "ascends": true}]',NULL,NULL,'f','[]','[]','[]',NULL,NULL,NULL,NULL,'[]',NULL);

-- campaign_custom_items
INSERT INTO campaign_custom_items (campaign_id,item_id,sort_order,definition) VALUES ('malgovia','guild_ledger','0','{"id": "guild_ledger", "desc": "A waterlogged ledger bearing the Merchant Guild''s stamp — evidence of the missing shipment.", "heal": null, "name": "Guild Ledger", "slot": null, "type": "misc", "damage": null, "effect": null, "weight": 3, "aliases": ["ledger", "book", "shipping records"], "ac_bonus": null}');
INSERT INTO campaign_custom_items (campaign_id,item_id,sort_order,definition) VALUES ('malgovia','shadow_evidence','1','{"id": "shadow_evidence", "desc": "A letter bearing Captain Vane''s seal, arranging bribes with the bandits.", "heal": null, "name": "Incriminating Letter", "slot": null, "type": "misc", "damage": null, "effect": null, "weight": 1, "aliases": ["letter", "evidence"], "ac_bonus": null}');
INSERT INTO campaign_custom_items (campaign_id,item_id,sort_order,definition) VALUES ('malgovia','moonstone_amulet','2','{"id": "moonstone_amulet", "desc": "A silver amulet set with a glowing moonstone. Grants +1 to Wisdom saving throws.", "heal": null, "name": "Moonstone Amulet", "slot": "neck", "type": "misc", "damage": null, "effect": "+1_wis_save", "weight": 2, "aliases": ["amulet", "moonstone"], "ac_bonus": null, "wornEffects": [{"kind": "save_bonus", "bonus": 1, "ability": "wis"}], "requiresAttunement": true}');
INSERT INTO campaign_custom_items (campaign_id,item_id,sort_order,definition) VALUES ('malgovia','stolen_shipment','3','{"id": "stolen_shipment", "desc": "A crate stamped with the Merchant Guild''s mark — part of the shipment raided from the Old Road. Aldric will want this back.", "heal": null, "name": "Stolen Guild Cargo", "slot": null, "type": "misc", "damage": null, "effect": null, "weight": 6, "aliases": ["cargo", "crate", "shipment", "goods"], "ac_bonus": null}');
INSERT INTO campaign_custom_items (campaign_id,item_id,sort_order,definition) VALUES ('malgovia','fur_cloak','4','{"id": "fur_cloak", "desc": "A thick bearskin cloak — warm enough to ride the pass at night.", "heal": null, "name": "Fur Cloak", "slot": null, "type": "misc", "damage": null, "effect": "cold_warmth", "weight": 3, "aliases": ["cloak", "pelt"], "ac_bonus": null}');
INSERT INTO campaign_custom_items (campaign_id,item_id,sort_order,definition) VALUES ('malgovia','elixir_of_warmth','5','{"id": "elixir_of_warmth", "desc": "A clay vial of mulled spirits brewed by the trappers. Restores 1d4+2 HP and steadies the body against cold.", "heal": "1d4+2", "name": "Elixir of Warmth", "slot": null, "type": "consumable", "damage": null, "effect": null, "weight": 1, "aliases": ["elixir", "mulled spirit"], "ac_bonus": null}');
INSERT INTO campaign_custom_items (campaign_id,item_id,sort_order,definition) VALUES ('malgovia','halden_locket','6','{"id": "halden_locket", "desc": "A trapper''s silver locket — proof Old Halden was here. His daughter''s portrait inside.", "heal": null, "name": "Halden''s Locket", "slot": null, "type": "misc", "damage": null, "effect": null, "weight": 1, "aliases": ["locket", "halden''s locket"], "ac_bonus": null}');
INSERT INTO campaign_custom_items (campaign_id,item_id,sort_order,definition) VALUES ('malgovia','cult_idol','7','{"id": "cult_idol", "desc": "A black ironwood idol carved with the cult''s rune. Captain Riese will want to see this.", "heal": null, "name": "Frostspire Idol", "slot": null, "type": "misc", "damage": null, "effect": null, "weight": 4, "aliases": ["idol", "rune", "cult idol"], "ac_bonus": null}');
INSERT INTO campaign_custom_items (campaign_id,item_id,sort_order,definition) VALUES ('malgovia','circle_charm','8','{"id": "circle_charm", "desc": "An acorn carved with the Verdant Circle sigil. The druid Mareth carried this.", "heal": null, "name": "Mareth''s Charm", "slot": null, "type": "misc", "damage": null, "effect": null, "weight": 0, "aliases": ["charm", "acorn", "mareth charm"], "ac_bonus": null}');
INSERT INTO campaign_custom_items (campaign_id,item_id,sort_order,definition) VALUES ('malgovia','oak_heart','9','{"id": "oak_heart", "desc": "A fist-sized seedpod glowing with green light. The grove''s heart, freed from the trickster.", "heal": null, "name": "Heart of the Ancient Oak", "slot": null, "type": "misc", "damage": null, "effect": null, "weight": 2, "aliases": ["heart", "oak heart", "seedpod"], "ac_bonus": null, "requiresAttunement": true}');
INSERT INTO campaign_custom_items (campaign_id,item_id,sort_order,definition) VALUES ('malgovia','healing_potion','10','{"id": "healing_potion", "desc": "A crimson vial.", "heal": "2d4+2", "name": "Healing Potion", "slot": null, "type": "consumable", "damage": null, "effect": null, "weight": 4, "aliases": ["potion"], "ac_bonus": null}');
INSERT INTO campaign_custom_items (campaign_id,item_id,sort_order,definition) VALUES ('sandbox','plus1_longsword','0','{"id": "plus1_longsword", "desc": "1d8+1 slashing (1d10+1 two-handed), magical", "heal": null, "name": "+1 Longsword", "slot": "weapon", "type": "weapon", "range": "melee", "damage": "1d8+1", "effect": null, "weight": 6, "aliases": ["+1 longsword", "magic sword", "enchanted longsword"], "finesse": false, "ac_bonus": null, "damageType": "slashing", "weaponType": "martial", "versatileDamage": "1d10+1", "requiresAttunement": true}');

-- campaign_custom_monsters
INSERT INTO campaign_custom_monsters (campaign_id,monster_id,sort_order,definition) VALUES ('malgovia','skeleton-warrior','0','{"ac": 14, "cr": 1, "hp": 13, "xp": 50, "name": "Skeleton Warrior", "toHit": 5, "damage": "1d6+3", "goldDrop": 3, "immunities": ["poison"], "resistances": ["piercing"], "creatureType": "undead", "vulnerabilities": ["bludgeoning"], "condition_immunities": ["poisoned", "exhaustion"]}');
INSERT INTO campaign_custom_monsters (campaign_id,monster_id,sort_order,definition) VALUES ('malgovia','crypt-ghoul','1','{"ac": 12, "cr": 1, "hp": 22, "xp": 200, "name": "Crypt Ghoul", "toHit": 4, "damage": "1d6+2", "goldDrop": 8, "bonusDamage": "1d6", "multiattack": 2, "onHitEffect": {"dc": 10, "ability": "con", "condition": "paralyzed"}, "creatureType": "undead", "bonusDamageType": "necrotic", "condition_immunities": ["poisoned", "charmed"]}');
INSERT INTO campaign_custom_monsters (campaign_id,monster_id,sort_order,definition) VALUES ('malgovia','shadow','2','{"ac": 12, "cr": 1, "hp": 27, "xp": 100, "name": "Shadow", "toHit": 4, "damage": "2d6+2", "speedFt": 40, "immunities": ["necrotic", "poison"], "resistances": ["acid", "cold", "fire", "lightning", "thunder"], "creatureType": "undead", "vulnerabilities": ["radiant"], "condition_immunities": ["exhaustion", "frightened", "grappled", "paralyzed", "petrified", "poisoned", "prone", "restrained", "unconscious"]}');
INSERT INTO campaign_custom_monsters (campaign_id,monster_id,sort_order,definition) VALUES ('malgovia','crypt-lord','3','{"ac": 17, "cr": 5, "hp": 97, "xp": 1800, "cha": 16, "con": 18, "dex": 10, "int": 11, "str": 18, "wis": 10, "name": "Crypt Lord", "drops": ["healing_potion", "healing_potion"], "toHit": 7, "damage": "2d6+4", "phases": [{"name": "Wrath of the Sealed Tomb", "hpPct": 50, "effects": [{"kind": "set_to_hit", "value": 9}, {"dice": "2d8+4", "kind": "set_damage"}, {"kind": "set_on_hit_effect", "effect": {"dc": 15, "ability": "wis", "condition": "frightened"}}], "narrative": "Bone splinters erupt from the floor around the Crypt Lord — its eye-sockets blaze. ''You will not silence me again!''"}, {"name": "Phylactery Crack", "hpPct": 25, "effects": [{"kind": "heal", "amount": 25}, {"dice": "3d6+4", "kind": "set_damage"}, {"kind": "set_ac", "value": 18}], "narrative": "A black gem in its breastplate fractures. Necrotic light pours into the Crypt Lord — its wounds knit closed and it lunges with renewed fury."}], "goldDrop": 120, "damageType": "necrotic", "immunities": ["poison", "necrotic"], "multiattack": 2, "onHitEffect": {"dc": 13, "ability": "wis", "condition": "frightened"}, "resistances": ["bludgeoning", "piercing", "slashing"], "condition_immunities": ["charmed", "exhaustion", "frightened", "paralyzed", "poisoned"]}');
INSERT INTO campaign_custom_monsters (campaign_id,monster_id,sort_order,definition) VALUES ('malgovia','bandit-ruffian','4','{"ac": 12, "cr": 1, "hp": 11, "xp": 25, "name": "Bandit Ruffian", "drops": ["dagger"], "toHit": 3, "damage": "1d6+1", "goldDrop": 8}');
INSERT INTO campaign_custom_monsters (campaign_id,monster_id,sort_order,definition) VALUES ('malgovia','bandit-bowman','5','{"ac": 13, "cr": 1, "hp": 11, "xp": 50, "name": "Bandit Bowman", "drops": ["shortsword"], "toHit": 4, "damage": "1d8+1", "goldDrop": 10, "attackReachFt": 80}');
INSERT INTO campaign_custom_monsters (campaign_id,monster_id,sort_order,definition) VALUES ('malgovia','bandit-captain','6','{"ac": 15, "cr": 1, "hp": 52, "xp": 450, "con": 14, "dex": 16, "str": 15, "name": "Bandit Captain", "drops": ["studded_leather", "healing_potion"], "toHit": 5, "damage": "1d8+3", "goldDrop": 60, "multiattack": 2}');
INSERT INTO campaign_custom_monsters (campaign_id,monster_id,sort_order,definition) VALUES ('malgovia','frost-wolf','7','{"ac": 14, "cr": 1, "hp": 36, "xp": 450, "name": "Frost Wolf", "toHit": 5, "damage": "2d6+2", "speedFt": 40, "bonusDamage": "1d4", "onHitEffect": {"condition": "prone"}, "resistances": ["cold"], "creatureType": "beast", "bonusDamageType": "cold"}');
INSERT INTO campaign_custom_monsters (campaign_id,monster_id,sort_order,definition) VALUES ('malgovia','ice-mephit','8','{"ac": 11, "cr": 1, "hp": 21, "xp": 100, "name": "Ice Mephit", "toHit": 4, "damage": "1d4+2", "immunities": ["cold"], "vulnerabilities": ["fire"], "condition_immunities": ["poisoned"]}');
INSERT INTO campaign_custom_monsters (campaign_id,monster_id,sort_order,definition) VALUES ('malgovia','frost-cultist','9','{"ac": 13, "cr": 1, "hp": 32, "xp": 200, "name": "Frost Cultist", "toHit": 5, "damage": "1d8+3", "resistances": ["cold"]}');
INSERT INTO campaign_custom_monsters (campaign_id,monster_id,sort_order,definition) VALUES ('malgovia','frost-acolyte','10','{"ac": 15, "cr": 1, "hp": 130, "xp": 2900, "name": "Frost Acolyte", "toHit": 7, "damage": "2d6+4", "phases": [{"name": "Ice Armor", "hpPct": 60, "effects": [{"kind": "set_ac", "value": 17}, {"dice": "2d10+4", "kind": "set_damage"}], "narrative": "The Acolyte hisses a hard syllable and frost rimes their robes — blows skid off. Around them the ritual flame burns colder."}, {"name": "Frostbinding", "hpPct": 30, "effects": [{"kind": "set_to_hit", "value": 8}, {"kind": "set_multiattack", "value": 3}, {"kind": "set_on_hit_effect", "effect": {"dc": 16, "ability": "con", "condition": "paralyzed"}}], "narrative": "The Acolyte tears off their frost cloak. Black ice spreads beneath their feet. Their staff lashes with bone-cold speed."}], "immunities": ["poison"], "multiattack": 2, "onHitEffect": {"dc": 14, "ability": "con", "condition": "paralyzed"}, "resistances": ["cold"], "vulnerabilities": ["fire"], "condition_immunities": ["frightened", "paralyzed"]}');
INSERT INTO campaign_custom_monsters (campaign_id,monster_id,sort_order,definition) VALUES ('malgovia','awakened-wolf','11','{"ac": 12, "cr": 1, "hp": 11, "xp": 50, "cha": 8, "con": 12, "dex": 15, "int": 10, "str": 14, "wis": 12, "name": "Awakened Wolf", "toHit": 4, "damage": "2d4+2", "speedFt": 40, "onHitEffect": {"condition": "prone"}, "creatureType": "beast"}');
INSERT INTO campaign_custom_monsters (campaign_id,monster_id,sort_order,definition) VALUES ('malgovia','giant-spider','12','{"ac": 14, "cr": 1, "hp": 26, "xp": 200, "cha": 4, "con": 12, "dex": 16, "int": 2, "str": 14, "wis": 11, "name": "Giant Spider", "toHit": 5, "damage": "1d8+3", "bonusDamage": "2d6", "creatureType": "beast", "bonusDamageType": "poison"}');
INSERT INTO campaign_custom_monsters (campaign_id,monster_id,sort_order,definition) VALUES ('malgovia','fey-trickster','13','{"ac": 13, "cr": 1, "hp": 18, "xp": 450, "cha": 16, "con": 12, "dex": 16, "int": 14, "str": 10, "wis": 13, "name": "Fey Trickster", "toHit": 4, "damage": "1d6+2", "damageType": "piercing", "onHitEffect": {"dc": 12, "ability": "wis", "condition": "charmed"}}');
INSERT INTO campaign_custom_monsters (campaign_id,monster_id,sort_order,definition) VALUES ('malgovia','thornbound-wolf','14','{"ac": 12, "cr": 1, "hp": 11, "xp": 50, "cha": 6, "con": 12, "dex": 15, "int": 3, "str": 14, "wis": 12, "name": "Thornbound Wolf", "toHit": 4, "damage": "1d6+2", "speedFt": 40, "onHitEffect": {"condition": "prone"}, "packTactics": true, "creatureType": "beast"}');
INSERT INTO campaign_custom_monsters (campaign_id,monster_id,sort_order,definition) VALUES ('malgovia','snowshrouded-bandit','15','{"ac": 13, "cr": 0.25, "hp": 11, "xp": 50, "cha": 10, "con": 12, "dex": 13, "int": 10, "str": 13, "wis": 10, "name": "Snowshrouded Bandit", "toHit": 4, "damage": "1d6+2", "damageType": "slashing", "resistances": ["cold"], "darkvision_ft": 0}');
INSERT INTO campaign_custom_monsters (campaign_id,monster_id,sort_order,definition) VALUES ('sandbox','goblin-warrior','0','{"ac": 15, "cr": 0.25, "hp": 10, "xp": 50, "cha": 8, "con": 10, "dex": 15, "int": 10, "str": 8, "wis": 8, "name": "Goblin Warrior", "toHit": 4, "damage": "1d6+2"}');
INSERT INTO campaign_custom_monsters (campaign_id,monster_id,sort_order,definition) VALUES ('sandbox','skeleton','1','{"ac": 14, "cr": 0.25, "hp": 13, "xp": 50, "cha": 5, "con": 15, "dex": 16, "int": 6, "str": 10, "wis": 8, "name": "Skeleton", "toHit": 5, "damage": "1d6+3", "immunities": ["poison"], "creatureType": "undead", "vulnerabilities": ["bludgeoning"], "condition_immunities": ["poisoned", "exhaustion"]}');
INSERT INTO campaign_custom_monsters (campaign_id,monster_id,sort_order,definition) VALUES ('sandbox','ogre','2','{"ac": 11, "cr": 2, "hp": 68, "xp": 450, "cha": 7, "con": 16, "dex": 8, "int": 5, "str": 19, "wis": 7, "name": "Ogre", "toHit": 6, "damage": "2d8+4", "speedFt": 40, "damageType": "bludgeoning"}');
INSERT INTO campaign_custom_monsters (campaign_id,monster_id,sort_order,definition) VALUES ('sandbox','cultist-fanatic','3','{"ac": 13, "cr": 2, "hp": 44, "xp": 450, "cha": 13, "con": 12, "dex": 14, "int": 10, "str": 11, "wis": 14, "name": "Cultist Fanatic", "toHit": 4, "damage": "1d8+2", "damageType": "slashing", "bonusDamage": "2d6", "darkvision_ft": 0, "bonusDamageType": "necrotic"}');
